CHR,START,PATTERN,REFERENCE_REPEATS,hgnc_symbol,COUNTS
2,148683686,A,8,ACVR2A,176
3,30691872,A,10,TGFBR2,158
21,30339206,A,11,LTN1,148
19,9361741,A,11,OR7E24,146
3,130733047,A,11,ATP2C1,142
1,6257785,A,8,RPL22,137
12,122242658,C,8,SETD1B,125
4,83785565,A,9,SEC31A,119
13,115057211,A,9,UPF3A,118
6,71508370,A,10,SMAP1,111
1,28785730,A,10,PHACTR4,109
11,58892377,A,10,FAM111B,108
1,159032487,A,10,AIM2,106
2,114500277,A,10,SLC35F5,104
10,60148570,A,10,TFAM,101
2,165551296,A,9,COBLL1,101
6,111587361,A,9,MFSD4B,99
17,56435161,C,7,RNF43,97
14,45716019,A,11,MIS18BP1,96
11,104878041,A,10,CASP5,95
11,77784147,A,9,NA,95
13,103381996,A,9,CCDC168,95
5,79970915,A,8,MSH3,93
2,203922058,A,9,NBEAL1,92
20,48467301,A,10,SLC9A8,92
4,56336954,A,9,CLOCK,91
20,47858504,A,8,DDX27,90
18,30913143,A,10,CCDC178,87
6,108214755,A,10,SEC63,85
3,100039736,A,9,TBC1D23,84
3,51417604,C,7,DOCK3,83
20,4850569,C,9,SLC23A2,82
2,203420130,A,7,BMPR2,80
5,145647320,A,9,RBM27,79
14,24040436,C,9,JPH4,78
16,4862229,C,8,GLYR1,78
16,10867203,A,9,TVP23A,77
3,136573486,A,9,SLC35G2,76
4,57220269,A,10,AASDH,75
8,103289349,A,8,UBR5,74
19,49850473,C,8,TEAD2,72
7,77423460,A,9,TMEM60,72
11,77920856,C,8,USP35,71
10,70182521,A,9,DNA2,69
19,49458971,C,8,BAX,69
18,57013194,A,9,LMAN1,68
3,183665257,A,9,ABCC5,68
6,80751897,A,9,TTK,66
7,151874148,A,9,KMT2C,66
1,27621108,C,8,WDTC1,65
10,114925317,A,9,TCF7L2,65
19,11577605,C,9,ELAVL3,64
5,140049102,A,8,WDR55,64
9,96422612,A,8,PHF2,64
1,160589601,A,9,SLAMF1,63
12,64812755,A,9,XPOT,63
11,126137087,A,8,SRPRA,62
16,29825016,C,9,PRRT2,62
17,48433967,C,7,XYLT2,62
3,186362544,A,9,FETUB,61
13,33344888,A,9,PDS5B,60
5,145886723,A,8,TCERG1,60
5,131931452,A,9,RAD50,59
7,108205526,A,9,PNPLA8,59
20,31022442,C,8,ASXL1,58
1,1290110,C,7,MXRA8,57
1,91967357,A,9,CDC7,57
10,93601946,A,9,TNKS2,57
13,50235209,A,9,EBPL,57
21,38524243,A,8,TTC3,56
4,15938178,A,9,FGFBP1,56
14,45693722,A,9,MIS18BP1,55
16,30016653,C,9,INO80E,55
2,165365288,A,9,GRB14,55
3,28578606,A,11,ZCWPW2,54
11,118220583,A,9,CD3G,53
19,48197891,C,8,BICRA,53
6,131481276,A,8,AKAP7,53
1,1116223,C,8,TTLL10,52
10,111893350,A,8,ADD3,52
22,31672777,C,8,LIMK2,52
8,95686611,A,8,ESRP1,52
1,147091501,C,8,BCL9,51
1,45407182,A,9,EIF2B3,51
11,32635951,A,9,CCDC73,51
2,172549339,A,9,DYNC1I2,51
2,48030640,C,8,MSH6,51
11,62649529,A,8,SLC3A2,50
1,110906427,A,9,SLC16A4,49
1,14108749,A,9,PRDM2,49
11,63149671,A,11,SLC22A9,49
18,18533679,A,8,ROCK1,49
6,114181210,A,11,NA,49
12,123351892,C,9,VPS37B,48
16,85682290,C,8,GSE1,48
3,57509313,A,9,DNAH12,48
6,139097330,A,8,CCDC28A,48
9,136918529,C,8,BRD3,48
2,152108088,A,10,RBM43,47
20,49508204,A,8,ADNP,47
5,143853531,A,9,KCTD16,47
6,158508009,C,8,SYNJ2,47
6,36867371,C,8,C6orf89,47
11,104879687,A,10,CASP5,46
11,55653610,A,8,TRIM51,46
11,62381084,C,9,ROM1,46
1,231131567,A,9,ARV1,45
10,90682146,A,8,STAMBPL1,45
11,26587427,A,9,ANO3,45
16,30736371,C,8,SRCAP,45
2,197531519,A,11,CCDC150,45
3,114058003,C,7,ZBTB20,45
16,88691141,C,8,ZC3H18,44
17,26653807,A,10,TMEM97,44
2,9989571,A,11,TAF1B,44
20,31671214,C,8,BPIFB4,44
5,64023941,A,10,SREK1IP1,44
6,100382358,A,9,MCHR2,44
1,115537601,A,10,SYCP1,43
1,24078404,A,8,ELOA,43
10,100186987,C,8,HPS1,43
15,79750586,A,8,MINAR1,43
7,19769017,A,9,TMEM196,43
1,155308000,A,9,ASH1L,42
12,57921732,C,8,MBD6,42
19,5587282,C,8,SAFB2,42
3,160156368,A,10,NA,42
3,180666228,A,8,FXR1,42
3,43647213,A,9,ANO10,42
4,3015470,A,9,GRK4,42
1,240072444,A,8,CHRM3,41
11,117222648,A,11,CEP164,41
3,20216050,A,9,SGO1,41
4,113570754,A,8,LARP7,41
10,78729786,A,9,KCNMA1,40
12,57422573,A,8,TAC3,40
3,168833257,A,7,MECOM,40
4,3432431,C,8,RGS12,40
6,160485488,C,8,IGF2R,40
6,84896233,A,8,CEP162,40
17,4875738,C,8,CAMTA2,39
2,207174428,A,9,ZDBF2,39
3,113377482,A,11,USF3,39
3,142274740,A,10,ATR,39
3,98031434,A,10,NA,39
6,163899920,A,8,QKI,39
7,120971879,C,7,WNT16,39
9,18680350,C,8,ADAMTSL1,39
10,29760116,C,7,SVIL,38
15,64967247,A,8,ZNF609,38
16,19725706,A,10,KNOP1,38
18,61584739,A,9,SERPINB10,38
3,157081227,A,9,VEPH1,38
6,102503432,A,8,GRIK2,38
7,31697914,A,10,ITPRID1,38
8,124384893,A,9,ATAD2,38
17,76046980,A,8,TNRC6C,37
8,37791834,A,9,GOT1L1,37
9,124536637,C,8,DAB2IP,37
10,890939,A,7,LARP4B,36
17,46629737,C,8,HOXB3,36
19,39330959,C,8,HNRNPL,36
2,169997025,C,8,LRP2,36
2,37454908,A,9,CEBPZ,36
20,31041556,C,8,NOL4L,36
21,10944697,A,8,NA,36
5,162917426,A,9,HMMR,36
6,114292040,A,9,HDAC2,36
1,100534122,A,8,MFSD14A,35
10,98336475,A,8,TM9SF3,35
13,53049034,A,8,CKAP2,35
2,196788374,A,9,DNAH7,35
5,35705894,A,9,SPEF2,35
1,204228411,C,6,PLEKHA6,34
17,49077041,A,9,SPAG9,34
18,34205516,C,6,FHOD3,34
2,74687410,C,8,INO80B,34
3,195595229,C,8,TNK2,34
4,3430399,A,9,RGS12,34
6,112389434,A,9,CCN6,34
7,100802405,C,8,AP1S1,34
8,73480397,A,8,KCNB2,34
1,158533299,A,8,OR6P1,33
1,74575213,A,9,LRRIQ3,33
10,75560464,C,8,ZSWIM8,33
13,20638677,A,8,ZMYM2,33
16,89951020,A,9,TCF25,33
17,55028016,A,8,COIL,33
17,7496122,C,8,FXR2,33
20,58452519,A,9,SYCP2,33
4,85556475,A,9,CDS1,33
1,35370731,C,8,DLGAP3,32
1,93667516,A,9,CCDC18,32
11,5799652,A,10,TRIM5,32
16,77356311,A,9,ADAMTS18,32
17,17119709,C,8,MPRIP,32
2,27248517,C,8,MAPRE3,32
21,16338330,A,8,NRIP1,32
3,41860985,A,10,ULK4,32
1,35846960,A,9,ZMYM4,31
12,110019240,C,6,MVK,31
13,34398063,A,10,RFC3,31
15,56736723,A,10,TEX9,31
17,20108263,A,8,SPECC1,31
17,40939870,C,7,WNK4,31
18,20572853,A,9,RBBP8,31
2,20870507,C,8,GDF7,31
3,77657038,C,8,ROBO2,31
4,95173910,A,8,SMARCAD1,31
9,5968044,A,9,BRD10,31
1,981861,C,8,AGRN,30
10,70156583,A,9,RUFY2,30
11,118770652,C,8,BCL9L,30
11,31812317,C,7,PAX6,30
11,32637520,A,8,CCDC73,30
11,4703475,A,8,OR51E2,30
13,23912864,A,9,SACS,30
13,27255387,C,8,WASF3,30
15,91304139,A,9,BLM,30
16,28913640,C,8,ATP2A1,30
16,77775744,A,8,NUDT7,30
19,33167776,C,8,RGS9BP,30
2,178988920,A,9,RBM45,30
2,203054920,A,9,KIAA2012,30
3,129155548,A,10,MBD4,30
5,147499875,A,10,SPINK5,30
5,154173390,C,8,LARP1,30
1,169366580,A,8,CCDC181,29
10,15098973,A,8,OLAH,29
11,111953289,A,8,NKAPD1,29
11,63525656,A,8,RTN3,29
12,416953,A,8,KDM5A,29
4,142143532,A,8,ZNF330,29
5,36985083,A,8,NIPBL,29
6,24798950,A,9,ARMH2,29
9,115806416,A,8,ZFP37,29
9,69421905,A,8,NA,29
11,118969143,A,8,DPAGT1,28
12,123794283,A,8,SBNO1,28
12,49374348,C,7,WNT1,28
12,88524079,A,8,CEP290,28
13,79918807,A,9,RBM26,28
14,23517514,C,7,CDH24,28
15,23021239,A,8,NIPA2,28
16,88504203,C,8,ZNF469,28
17,7798765,C,7,CHD3,28
21,34882122,A,10,GART,28
4,186272695,A,8,SNX25,28
9,135946988,C,8,CEL,28
1,150530506,C,8,ADAMTSL4,27
1,48569710,A,10,NA,27
11,119210190,C,8,NA,27
13,33344580,A,9,PDS5B,27
16,30007665,A,9,HIRIP3,27
17,25910016,C,8,KSR1,27
17,40370236,C,8,STAT5B,27
17,42756253,A,9,MEIOC,27
17,65899951,A,9,BPTF,27
18,29453418,A,8,TRAPPC8,27
10,13696452,C,7,NA,26
11,62598585,C,8,STX5,26
12,95650969,A,9,VEZT,26
13,95696016,A,9,ABCC4,26
15,42742957,A,8,ZNF106,26
16,54967131,C,8,IRX5,26
17,33749493,A,8,SLFN12,26
19,38376035,A,8,WDR87,26
2,131414272,A,8,POTEJ,26
4,164428219,A,8,TMA16,26
8,74507471,A,8,STAU2,26
9,135946658,C,8,CEL,26
9,34257623,A,8,KIF24,26
9,35059647,A,9,VCP,26
9,67966645,A,8,NA,26
1,248512384,A,8,OR14C36,25
1,27105931,C,7,ARID1A,25
11,63313709,A,8,PLAAT4,25
12,85638646,A,10,LRRIQ1,25
14,31074772,A,10,G2E3,25
14,35585935,A,9,PPP2R3C,25
15,44843099,A,8,EIF3J,25
17,35300395,C,7,NA,25
2,234638283,A,8,UGT1A1,25
2,27717517,C,8,FNDC4,25
2,99778781,A,8,NA,25
20,25422397,A,9,GINS1,25
4,5527116,A,10,NA,25
6,108214774,A,9,SEC63,25
8,24167473,A,8,ADAM28,25
9,125861042,A,8,RABGAP1,25
9,131591120,A,9,SPOUT1,25
9,35043650,C,6,SPATA31G1,25
9,42408210,A,8,NA,25
1,237969494,A,9,RYR2,24
1,54605319,C,8,CDCP2,24
1,89473442,A,10,GBP3,24
11,74336609,A,9,POLD3,24
2,131221560,A,8,POTEI,24
5,16694606,C,8,MYO10,24
6,33263965,C,8,PFDN6,24
9,135946921,C,9,CEL,24
1,115469134,A,9,SYCP1,23
1,204924033,C,6,NFASC,23
11,380921,C,7,B4GALNT4,23
12,88512305,A,10,CEP290,23
13,23914687,A,8,SACS,23
13,77581683,A,9,FBXL3,23
19,14910638,A,10,OR7A5,23
19,643528,C,8,FGF22,23
2,201683505,A,8,BZW1,23
2,54093345,A,8,PSME4,23
2,71191573,C,7,ATP6V1B1,23
22,20130522,C,6,ZDHHC8,23
3,122433232,A,10,PARP14,23
5,121356130,A,8,SRFBP1,23
7,91603085,A,8,AKAP9,23
9,138715800,A,9,CAMSAP1,23
11,93486914,A,8,TAF1D,22
11,94230059,A,9,ANKRD49,22
13,32376429,A,10,RXFP2,22
15,23890894,C,7,MAGEL2,22
19,18887993,C,8,CRTC1,22
19,50333113,C,7,MED25,22
2,120979531,C,8,TMEM185B,22
2,204305619,C,8,ABI2,22
2,220494111,C,7,SLC4A3,22
2,74763924,C,8,LOXL3,22
20,58467047,A,9,SYCP2,22
22,18300932,C,7,MICAL3,22
3,1371501,A,8,CNTN6,22
3,154032978,A,9,DHX36,22
3,53889347,A,8,IL17RB,22
4,15067858,A,7,CPEB2,22
6,46660415,A,9,TDRD6,22
7,102584993,A,8,FBXL13,22
7,150069439,C,8,REPIN1,22
7,87074282,A,9,ABCB4,22
8,11162509,A,8,MTMR9,22
8,113241029,A,7,CSMD3,22
8,95531563,A,8,VIRMA,22
9,109689491,C,8,ZNF462,22
9,135946691,C,8,CEL,22
9,90321802,C,7,DAPK1,22
1,207642044,C,7,CR2,21
1,43850143,A,9,MED8,21
11,124845049,A,8,CCDC15,21
11,16822525,A,8,PLEKHA7,21
12,122252192,C,8,SETD1B,21
12,40713870,A,8,LRRK2,21
12,57860075,C,7,GLI1,21
12,58025103,C,8,B4GALNT1,21
13,103386924,A,9,CCDC168,21
13,109661386,A,8,MYO16,21
13,31480852,C,7,MEDAG,21
14,60903565,A,8,C14orf39,21
15,55631503,A,8,PIGB,21
17,55028118,A,8,COIL,21
2,103149137,A,8,SLC9A4,21
2,132021078,A,8,PLEKHB2,21
2,37414553,A,8,SULT6B1,21
20,30789952,C,7,PLAGL2,21
22,32794006,A,7,RTCB,21
4,15995680,A,8,PROM1,21
8,48866910,A,10,PRKDC,21
1,100588802,A,8,SASS6,20
1,151318741,C,7,RFX5,20
1,154938890,C,8,SHC1,20
1,156642804,C,7,NES,20
11,1000475,C,7,AP2A2,20
11,119213688,C,7,NA,20
11,47196853,A,7,ARFGAP2,20
11,64004663,A,8,VEGFB,20
12,98921672,A,8,TMPO,20
14,23745310,A,8,NA,20
14,75514604,A,9,MLH3,20
15,81271633,A,8,MESD,20
17,63532585,C,7,AXIN2,20
2,186659894,A,8,FSIP2,20
2,227661664,C,8,IRS1,20
2,97749725,C,7,FAHD2B,20
20,57766220,C,8,ZNF831,20
20,62193251,C,8,HELZ2,20
3,42679036,C,8,NKTR,20
3,44285883,A,9,TOPAZ1,20
3,57276921,A,8,APPL1,20
4,169317264,A,8,DDX60L,20
4,2661593,C,7,FAM193A,20
5,60822215,A,8,ZSWIM6,20
5,76358967,A,8,AGGF1,20
7,150698398,C,7,NOS3,20
8,67488453,A,8,MYBL1,20
1,230798959,A,8,COG2,19
1,237024474,A,8,MTR,19
10,124895627,C,8,HMX3,19
10,17363321,A,8,ST8SIA6,19
10,81072446,C,7,ZMIZ1,19
11,89444611,A,9,TRIM77,19
16,28996227,C,8,LAT,19
18,21745097,A,8,OSBPL1A,19
2,175213713,A,9,CIR1,19
2,186662103,A,8,FSIP2,19
2,231159025,A,8,SP140,19
2,241808308,C,8,AGXT,19
2,38178783,A,8,RMDN2,19
2,86831015,A,8,CHMP3,19
22,51159933,C,8,NA,19
3,15084406,A,8,NR2C2,19
4,1980559,C,8,NSD2,19
5,130815369,A,9,RAPGEF6,19
5,131944382,A,8,RAD50,19
5,72264329,A,7,FCHO2,19
6,88144700,A,8,CFAP206,19
7,44120414,C,7,POLM,19
9,134007993,A,8,NUP214,19
9,35091693,C,7,PIGO,19
1,168054869,C,6,GPR161,18
1,55081757,C,7,ACOT11,18
10,52005194,A,8,ASAH2,18
10,63958149,A,9,RTKN2,18
11,108044069,A,7,NPAT,18
11,61539013,C,8,MYRF,18
11,64457919,C,8,NRXN2,18
12,130184705,C,7,TMEM132D,18
12,55759192,A,8,OR6C75,18
13,35733663,A,8,NBEA,18
14,101004530,C,8,BEGAIN,18
16,50745399,C,7,NOD2,18
16,677580,C,8,RAB40C,18
16,84213651,C,8,TAF1C,18
17,80615786,C,8,RAB40B,18
19,49218106,C,8,MAMSTR,18
19,52888438,A,7,ZNF880,18
2,203848308,A,8,WDR12,18
2,55176077,A,8,EML6,18
20,37146233,C,7,RALGAPB,18
22,31485922,C,6,SMTN,18
22,31487799,C,8,SMTN,18
3,126220106,A,8,UROC1,18
4,107156505,A,8,TBCK,18
4,25849258,A,7,SEL1L3,18
5,57753012,A,8,PLK2,18
6,29068729,A,8,OR2J1,18
8,68128856,C,7,ARFGEF1,18
9,125437936,A,8,OR1L3,18
1,113471890,C,7,SLC16A1,17
1,40756543,A,9,ZMPSTE24,17
11,34910341,A,8,APIP,17
12,42499816,A,7,GXYLT1,17
13,20041394,A,8,TPTE2,17
14,55818555,A,8,FBXO34,17
15,22369024,C,7,OR4M2B,17
16,19722724,A,8,KNOP1,17
17,57247171,A,9,PRR11,17
17,59560345,C,7,TBX4,17
17,73498973,C,8,CASKIN2,17
18,3452216,C,7,TGIF1,17
18,46474795,C,8,SMAD7,17
19,12430217,A,8,ZNF563,17
19,19136394,A,8,SUGP2,17
19,6477251,C,9,DENND1C,17
2,96078466,C,7,FAHD2A,17
22,50898756,C,7,SBF1,17
3,33602361,A,8,CLASP2,17
4,42153897,C,7,BEND4,17
4,53610789,A,8,ERVMER34-1,17
4,76489680,A,8,ODAPH,17
5,140502487,A,9,PCDHB4,17
5,96315249,A,8,LNPEP,17
6,146275964,A,8,SHPRH,17
6,84634231,A,8,CYB5R4,17
7,2968323,C,7,CARD11,17
7,91936914,A,8,ANKIB1,17
8,77765320,C,8,ZFHX4,17
9,135946955,C,8,CEL,17
1,154530929,C,8,UBE2Q1,16
1,156694023,C,8,ISG20L2,16
1,156761536,C,8,PRCC,16
1,179528881,A,8,NPHS2,16
1,200378559,C,8,ZNF281,16
10,124758127,A,8,IKZF5,16
10,33018277,A,8,NA,16
11,30033563,A,7,KCNA4,16
11,55861308,A,8,OR8I2,16
14,89878534,C,7,FOXN3,16
15,93540316,A,10,CHD2,16
17,67125767,A,8,ABCA6,16
18,74208486,C,9,NA,16
19,464141,C,8,CIMAP1D,16
19,5679654,C,7,RPL36,16
2,152320541,A,8,RIF1,16
2,160604680,A,8,MARCHF7,16
2,96696530,C,7,GPAT2,16
21,33949091,C,7,TCP10L,16
3,42679486,A,8,NKTR,16
3,58089788,C,7,FLNB,16
3,67411173,A,8,SUCLG2,16
3,99568273,A,8,CMSS1,16
5,68492902,A,8,CENPH,16
6,13620992,A,8,NOL7,16
6,30157254,A,8,TRIM26,16
7,100285170,C,8,GIGYF1,16
7,154782740,A,8,PAXIP1,16
7,94174999,A,8,CASD1,16
8,100990178,A,9,RGS22,16
8,133150233,A,9,KCNQ3,16
8,27634577,A,9,ESCO2,16
9,32633584,A,8,TAF1L,16
1,100889837,C,7,CDC14A,15
1,103474067,C,7,COL11A1,15
1,156715104,A,8,HDGF,15
1,57192199,A,8,FYB2,15
1,67390426,A,7,DNAI4,15
10,91203598,A,8,SLC16A12,15
11,111904183,A,8,DLAT,15
11,32997895,A,8,QSER1,15
12,102108338,A,8,CHPT1,15
12,12814274,A,8,GPR19,15
12,31448178,A,9,SINHCAF,15
12,54645832,A,8,CBX5,15
12,88449444,A,8,CEP290,15
12,970297,A,10,WNK1,15
13,46543661,A,8,ZC3H13,15
15,40648358,C,7,PHGR1,15
15,40648424,C,7,PHGR1,15
16,29821006,C,8,MAZ,15
16,67645339,A,7,CTCF,15
17,21731034,C,7,NA,15
17,56448298,C,6,RNF43,15
17,61781804,C,6,STRADA,15
18,10741064,A,8,PIEZO2,15
18,45567076,C,7,ZBTB7C,15
2,196544942,A,8,SLC39A10,15
2,196866535,A,8,DNAH7,15
2,220348876,C,7,SPEG,15
2,225738848,A,8,DOCK10,15
2,240954221,C,7,NDUFA10,15
2,43452623,C,6,THADA,15
20,23729754,C,7,CST1,15
20,57769140,C,8,ZNF831,15
22,43213780,A,8,ARFGAP3,15
3,113380090,A,9,USF3,15
3,160143940,A,8,NA,15
3,169998128,A,8,PRKCI,15
3,50099450,A,8,RBM6,15
4,160271311,A,8,RAPGEF2,15
4,39462464,A,8,LIAS,15
5,102537309,A,8,PPIP5K2,15
5,179149920,A,8,CANX,15
5,37226878,A,8,CPLANE1,15
6,132022010,A,7,ENPP3,15
7,100855927,C,7,PLOD3,15
7,1037311,C,7,C7orf50,15
7,107395909,A,7,CBLL1,15
7,143956190,A,7,ARHGEF35,15
7,158704353,A,8,DYNC2I1,15
7,27222462,A,9,HOXA11,15
7,33014804,C,7,AVL9,15
7,6196443,A,8,USP42,15
8,30703516,A,7,TEX15,15
8,39068767,A,8,ADAM32,15
9,6012690,A,8,RANBP6,15
1,110300580,A,8,GSTM5,14
1,25775375,A,8,MACO1,14
1,27876869,A,7,AHDC1,14
1,68171151,A,7,GNG12,14
1,89613322,C,7,GBP2,14
10,89720812,A,6,PTEN,14
11,129752496,A,8,NFRKB,14
11,45955607,C,7,PHF21A,14
11,6292451,A,8,CCKBR,14
12,107937778,C,6,ABTB3,14
12,110344435,A,8,TCHP,14
12,111311659,A,9,CCDC63,14
12,121432118,C,8,HNF1A,14
12,122748169,A,8,NA,14
12,57603940,C,8,LRP1,14
13,20657094,A,8,ZMYM2,14
14,35331423,A,8,BAZ1A,14
14,59992100,A,8,CCDC175,14
14,72054755,C,7,SIPA1L1,14
14,94088050,A,8,UNC79,14
15,55912892,A,8,PRTG,14
17,19232950,A,8,EPN2,14
17,28505167,A,8,NSRP1,14
17,58740624,A,7,PPM1D,14
17,79803764,A,8,P4HB,14
17,909374,C,7,ABR,14
18,31325915,C,8,ASXL3,14
19,19906351,A,7,ZNF506,14
19,38028415,A,8,ZNF793,14
2,130832863,C,6,POTEF,14
2,148657041,A,8,ACVR2A,14
2,207174869,A,8,ZDBF2,14
2,24086326,A,7,ATAD2B,14
2,43452512,C,6,THADA,14
2,54609071,A,7,C2orf73,14
2,84752796,A,8,DNAH6,14
22,20130515,C,7,ZDHHC8,14
22,33255324,C,7,SYN3,14
22,46931227,C,6,CELSR1,14
3,121573659,A,8,EAF2,14
3,133670083,A,8,SLCO2A1,14
4,38691476,C,7,KLF3,14
5,137627690,A,8,CDC25C,14
5,137803132,C,7,EGR1,14
5,140857742,A,8,PCDHGA1,14
5,41181560,C,7,C6,14
6,15496722,C,7,JARID2,14
6,161469776,A,8,MAP3K4,14
6,31323363,C,6,HLA-B,14
6,33178990,C,7,RING1,14
7,29070262,A,8,CPVL,14
7,47955186,A,8,HUS1,14
8,145999670,A,8,ZNF34,14
8,6289099,A,9,MCPH1,14
1,109276138,A,8,FNDC7,13
1,147092681,C,7,BCL9,13
1,154942911,C,7,SHC1,13
1,156354348,C,8,RHBG,13
1,230839055,A,8,AGT,13
1,36935323,C,7,CSF3R,13
1,46494559,A,7,MAST2,13
1,85331665,A,9,LPAR3,13
10,102587324,C,6,PAX2,13
10,27702951,C,7,NA,13
10,93247481,A,8,HECTD2,13
11,121475905,A,7,SORL1,13
11,125505378,A,9,CHEK1,13
11,30352754,A,8,ARL14EP,13
11,47594883,C,7,NDUFS3,13
12,104476535,A,8,HCFC2,13
12,10958846,A,8,TAS2R8,13
12,112600860,C,7,HECTD4,13
12,20522723,C,7,PDE3A,13
12,27950769,C,7,KLHL42,13
12,29450110,A,8,FAR2,13
12,57883053,A,9,MARS1,13
12,72038781,A,6,ZFC3H1,13
12,75893593,A,8,GLIPR1,13
14,102718303,A,9,MOK,13
14,32562675,A,6,ARHGAP5,13
14,39716860,A,8,NA,13
14,74967607,C,7,LTBP2,13
15,62244050,A,8,VPS13C,13
16,31151942,C,7,PRSS36,13
18,45567085,C,7,ZBTB7C,13
19,12384448,A,7,ZNF44,13
19,33703794,C,7,SLC7A10,13
19,36210764,C,7,KMT2B,13
19,48049094,C,7,ZNF541,13
2,131221435,C,6,POTEI,13
2,209025577,C,7,CRYGA,13
20,3215425,A,7,SLC4A11,13
20,47989891,C,7,KCNB1,13
21,31661780,A,8,KRTAP25-1,13
21,38512963,A,8,TTC3,13
22,16449488,A,8,OR11H1,13
22,42564716,C,7,TCF20,13
4,123302211,A,8,ADAD1,13
5,109940905,A,7,TMEM232,13
5,61847115,A,8,IPO11,13
6,111498763,A,8,SLC16A10,13
6,127767596,C,7,NA,13
6,30572795,A,9,PPP1R10,13
6,31504446,A,8,DDX39B,13
6,31612923,C,8,BAG6,13
7,11022426,A,7,PHF14,13
7,141170468,C,7,TMEM178B,13
7,150656679,C,7,KCNH2,13
7,31378635,A,8,NEUROD6,13
8,145150876,C,7,CYC1,13
8,6378798,A,9,MCPH1,13
9,131019390,A,8,GOLGA2,13
9,137019598,C,7,WDR5,13
1,10177642,A,8,UBE4B,12
1,115527421,A,8,SYCP1,12
1,1168240,C,7,B3GALT6,12
1,155448996,A,7,ASH1L,12
1,171511149,A,10,PRRC2C,12
1,177927333,C,7,SEC16B,12
1,180064806,A,7,CEP350,12
1,218609371,A,8,TGFB2,12
1,247319909,A,7,ZNF124,12
1,91406040,A,9,ZNF644,12
10,103901077,C,8,PPRC1,12
10,129913974,A,8,MKI67,12
10,94243045,A,8,IDE,12
10,98292921,A,7,TM9SF3,12
11,119061043,C,7,DRC12,12
11,47282887,C,7,NR1H3,12
11,62749334,A,7,SLC22A6,12
11,64572093,C,7,MEN1,12
11,6629392,C,6,ILK,12
11,94730807,A,8,KDM4D,12
11,970195,A,8,AP2A2,12
12,117703230,C,7,NOS1,12
12,131283100,A,7,STX2,12
12,56559113,C,8,SMARCC2,12
12,57921401,C,7,MBD6,12
12,6657974,C,7,IFFO1,12
12,6711546,A,7,CHD4,12
13,103524612,A,9,NA,12
14,47530771,A,7,MDGA2,12
14,50930796,A,8,MAP4K5,12
14,60448620,A,8,LRRC9,12
14,62242911,A,7,SNAPC1,12
14,75230947,C,7,YLPM1,12
14,88940113,A,8,PTPN21,12
14,93761193,A,8,BTBD7,12
14,95662949,A,8,CLMN,12
15,42021442,A,7,MGA,12
15,72190580,A,8,MYO9A,12
16,1536186,C,7,PTX4,12
16,54319087,C,7,IRX3,12
17,21731489,C,7,NA,12
17,36735022,C,7,NA,12
17,4575894,C,7,PELP1,12
17,77768648,C,8,CBX8,12
18,12122493,A,8,ANKRD62,12
18,21750331,A,8,OSBPL1A,12
18,265348,A,8,THOC1,12
19,4816465,C,7,TICAM1,12
19,48994758,C,8,LMTK3,12
19,50098808,C,8,PRR12,12
2,132021205,C,6,PLEKHB2,12
2,169699563,A,7,NOSTRIN,12
2,207460861,C,7,ADAM23,12
2,240002823,C,7,HDAC4,12
2,71337212,A,8,MCEE,12
20,23066469,C,7,CD93,12
20,39990829,C,7,EMILIN3,12
20,56227349,C,7,PMEPA1,12
21,41514615,C,7,DSCAM,12
22,41257115,A,8,XPNPEP3,12
3,63981832,C,7,ATXN7,12
3,7621013,A,8,GRM7,12
4,153244156,C,6,FBXW7,12
4,170613460,A,7,CLCN3,12
4,38774956,A,8,TLR10,12
5,132534817,C,7,FSTL4,12
5,137505021,C,7,BRD8,12
6,13206135,C,7,PHACTR1,12
6,25921520,A,8,SLC17A2,12
6,29694803,A,8,HLA-F,12
6,76599858,A,9,MYO6,12
6,99849343,A,7,PNISR,12
7,126173278,C,7,GRM8,12
7,19738024,A,14,POLR1F,12
7,92760738,A,8,SAMD9L,12
8,24257686,A,8,ADAMDEC1,12
8,48701555,A,8,PRKDC,12
9,135277388,A,8,TTF1,12
9,135946889,C,8,CEL,12
9,138379043,C,6,PPP1R26,12
9,140481542,C,7,ZMYND19,12
9,95142090,A,7,CENPP,12
1,182908681,A,7,SHCBP1L,11
1,228559450,C,7,OBSCN,11
1,3410404,C,7,MEGF6,11
1,59812017,C,7,FGGY,11
1,65306997,A,8,JAK1,11
10,123844356,C,7,TACC2,11
10,13151192,C,7,OPTN,11
10,134218255,C,7,PWWP2B,11
10,95441330,A,8,FRA10AC1,11
11,111896977,A,8,DLAT,11
11,30032940,C,6,KCNA4,11
11,375700,C,7,B4GALNT4,11
11,608263,C,7,PHRF1,11
12,125396267,C,7,UBC,11
12,4719362,A,7,DYRK4,11
12,80201042,A,8,PPP1R12A,11
13,45008838,C,7,TSC22D1,11
14,21558707,C,7,ZNF219,11
14,27066542,C,7,NOVA1,11
14,54896992,A,7,CNIH1,11
14,75514338,A,8,MLH3,11
15,41029894,A,9,RMDN3,11
15,43621332,A,7,LCMT2,11
15,59186129,A,8,RNF111,11
15,83935798,C,7,BNC1,11
16,15131990,A,7,PDXDC1,11
16,67201666,C,7,HSF4,11
16,709106,C,7,WDR90,11
17,33310486,A,8,LIG3,11
17,38552642,A,7,TOP2A,11
17,39975559,C,7,FKBP10,11
17,41610701,C,7,DHX8,11
17,46128959,C,7,NFE2L1,11
17,46688090,C,8,HOXB7,11
17,73491063,C,7,TMEM94,11
19,12461741,A,7,ZNF442,11
19,20044270,A,8,ZNF93,11
19,36223002,C,6,KMT2B,11
19,36357214,C,7,NPHS1,11
19,38102620,A,7,ZNF540,11
19,38379433,A,8,WDR87,11
19,47969003,A,6,SLC8A2,11
19,50434211,C,6,NA,11
2,206166298,A,7,PARD3B,11
2,219529514,C,7,RNF25,11
2,242795104,C,7,PDCD1,11
2,26534413,C,7,ADGRF3,11
2,39074185,A,8,DHX57,11
2,71650549,A,8,ZNF638,11
20,45875072,A,8,ZMYND8,11
22,38895455,C,7,DDX17,11
3,142030643,A,7,XRN1,11
3,15455535,A,7,METTL6,11
3,194147850,A,8,ATP13A3,11
3,78710235,A,7,ROBO1,11
4,129869675,A,8,SCLT1,11
4,140291445,A,8,NAA15,11
4,39515753,A,9,UGDH,11
4,81791254,A,8,CFAP299,11
5,1074698,C,7,SLC12A7,11
5,131007941,A,8,NA,11
5,133473765,C,7,TCF7,11
5,140953309,C,8,DIAPH1,11
5,14487781,C,7,TRIO,11
5,41004528,A,8,MROH2B,11
6,80751910,A,7,TTK,11
7,1527075,C,7,INTS1,11
7,24705666,A,14,PALS2,11
7,6621849,A,8,ZDHHC4,11
8,145773375,C,7,ARHGAP39,11
8,68992721,A,8,PREX2,11
8,70488249,C,7,SULF1,11
1,155152179,C,7,NA,10
1,156051590,C,8,MEX3A,10
1,16462199,C,6,EPHA2,10
1,204438072,C,7,PIK3C2B,10
1,214178556,A,7,PROX1,10
1,52991780,A,8,TUT4,10
1,54870294,A,7,SSBP3,10
1,68903931,A,8,RPE65,10
1,93599280,A,8,MTF2,10
10,116730192,C,7,TRUB1,10
10,89717770,A,6,PTEN,10
11,10328154,C,7,ADM,10
11,133807827,C,7,IGSF9B,10
11,35513670,C,7,PAMR1,10
11,44286624,C,6,ALX4,10
11,45948373,C,7,LARGE2,10
11,58958609,A,7,DTX4,10
11,58962827,C,7,DTX4,10
11,64032517,C,6,PLCB3,10
11,94189473,A,7,MRE11,10
12,103695960,C,7,C12orf42,10
12,123351785,C,7,VPS37B,10
12,19514518,A,8,PLEKHA5,10
12,21028267,A,8,SLCO1B3,10
12,42706971,A,8,PPHLN1,10
12,56347514,C,7,DGKA,10
12,6924043,C,7,CD4,10
12,7242010,C,6,C1R,10
13,84455509,A,7,SLITRK1,10
14,104643204,C,7,KIF26A,10
14,20389294,A,7,OR4K5,10
14,20852647,C,7,TEP1,10
14,29261305,A,8,NA,10
15,23811405,C,7,MKRN3,10
15,43641115,A,8,ADAL,10
15,59376343,C,6,RNF111,10
15,65994675,A,7,DENND4A,10
15,85400267,A,7,ALPK3,10
15,86807693,A,8,NA,10
15,93545434,A,9,CHD2,10
16,11001305,C,7,CIITA,10
16,14346300,C,7,MRTFB,10
16,19725891,A,7,KNOP1,10
16,29818054,C,8,MAZ,10
16,4944500,C,7,PPL,10
16,50667135,C,7,NKD1,10
16,70952162,A,8,HYDIN,10
17,26449740,A,7,NLK,10
17,40362447,A,7,STAT5B,10
17,44248731,C,6,KANSL1,10
17,46622002,C,7,HOXB2,10
17,54921519,A,7,DGKE,10
17,6945482,C,7,SLC16A11,10
18,8793004,C,7,MTCL1,10
19,12155504,A,7,NA,10
19,1434830,C,6,DAZAP1,10
19,1434836,C,7,DAZAP1,10
19,14910414,A,7,OR7A5,10
19,18879554,C,7,CRTC1,10
19,21992087,A,8,ZNF43,10
19,42838298,C,7,MEGF8,10
19,5590343,C,7,SAFB2,10
19,56090899,C,7,ZNF579,10
19,58385954,A,8,ZNF814,10
19,7987519,C,7,SNAPC2,10
2,114239761,A,6,ZNG1B,10
2,149447829,A,8,EPC2,10
2,1652960,C,7,PXDN,10
2,169948389,A,8,DHRS9,10
2,173368931,A,8,ITGA6,10
2,196801374,A,8,DNAH7,10
2,197649614,A,9,GTF3C3,10
2,201437004,A,9,SGO2,10
2,203054933,A,9,KIAA2012,10
2,219449364,A,7,CNOT9,10
2,219508084,C,7,ZNF142,10
2,219892999,C,6,CFAP65,10
2,226447072,C,7,NYAP2,10
2,29294162,C,6,PCARE,10
2,97637864,C,6,FAM178B,10
22,42606575,A,7,TCF20,10
3,169700664,A,9,SEC62,10
3,192517004,A,7,MB21D2,10
3,48465485,C,6,PLXNB1,10
3,51431353,C,7,NA,10
4,170428203,A,8,NEK1,10
4,186515044,C,7,SORBS2,10
4,2242634,A,8,POLN,10
4,39206804,A,8,WDR19,10
4,39310612,A,7,RFC1,10
5,169677853,A,7,C5orf58,10
6,144081696,A,8,PHACTR2,10
6,146350672,A,8,GRM1,10
6,158900957,C,7,TULP4,10
6,4031881,A,8,PRP4K,10
6,42832627,A,7,BICRAL,10
6,47678561,A,7,ADGRF4,10
6,71235776,A,8,FAM135A,10
6,87969484,A,9,ZNF292,10
6,96999786,A,7,UFL1,10
7,144096190,C,7,NOBOX,10
7,20371450,A,7,ITGB8,10
7,5401259,C,7,TNRC18,10
8,144621235,C,7,ZC3H3,10
8,37728933,A,8,RAB11FIP1,10
8,77617547,C,7,ZFHX4,10
8,92352747,A,6,SLC26A7,10
9,106885501,A,7,SMC2,10
9,139995548,C,7,MAN1B1,10
9,140356679,C,7,PNPLA7,10
1,151774033,C,7,LINGO4,9
1,156255498,C,7,TMEM79,9
1,158576487,C,7,OR10Z1,9
1,169790867,A,7,FIRRM,9
1,200822549,A,8,CAMSAP2,9
1,203786225,A,9,ZC3H11A,9
1,226026384,C,7,EPHX1,9
1,245851782,C,7,KIF26B,9
1,24718090,A,8,STPG1,9
1,26510311,C,7,CNKSR1,9
1,32800540,C,7,MARCKSL1,9
1,35365852,C,7,DLGAP3,9
1,49201967,A,9,AGBL4,9
1,52305912,A,8,NRDC,9
1,89206848,A,7,PKN2,9
10,127697969,A,8,FANK1,9
10,131666125,C,6,EBF3,9
10,27329038,A,8,ANKRD26,9
10,29169288,A,7,NA,9
10,96352051,A,8,HELLS,9
11,123777442,A,8,OR8D4,9
11,134018468,C,7,JAM3,9
11,134048586,C,7,NCAPD3,9
11,17794004,A,8,KCNC1,9
11,1780830,C,7,CTSD,9
11,2609949,A,8,KCNQ1,9
11,58207028,A,8,OR5B12,9
11,6662142,C,7,DCHS1,9
11,95555113,A,8,CEP57,9
12,117615412,A,8,FBXO21,9
12,122018740,A,7,KDM2B,9
12,122720397,C,6,NA,9
12,124848228,C,7,NCOR2,9
12,18841025,A,8,PLCZ1,9
12,39713784,A,9,KIF21A,9
12,4653063,A,7,RAD51AP1,9
12,63541343,A,6,AVPR1A,9
13,100925452,A,7,PCCA,9
13,108518338,C,7,NALF1,9
13,32907421,A,8,BRCA2,9
14,102445788,A,7,DYNC1H1,9
14,21859176,A,8,CHD8,9
14,53250196,A,7,GNPNAT1,9
14,55817461,A,6,FBXO34,9
14,60031843,A,8,CCDC175,9
15,44907750,A,7,SPG11,9
15,53908071,A,7,WDR72,9
15,91019925,A,8,IQGAP1,9
16,28847350,C,6,ATXN2L,9
16,30041821,C,7,TLCD3B,9
16,58589340,A,7,CNOT1,9
16,67325658,C,7,KCTD19,9
16,89349641,A,8,ANKRD11,9
17,38546381,A,7,TOP2A,9
17,38600104,C,7,IGFBP4,9
17,44435714,A,8,ARL17B,9
17,5074002,C,7,USP6,9
17,67218780,A,7,ABCA10,9
19,13882968,C,6,MRI1,9
19,1430254,C,7,DAZAP1,9
19,16275654,C,8,CIB3,9
19,20988745,A,7,ZNF66,9
19,4491824,A,8,HDGFL2,9
19,46289388,C,8,DMWD,9
19,50826330,C,7,KCNC3,9
19,5222731,C,7,PTPRS,9
19,54976341,C,7,CDC42EP5,9
2,10059788,A,8,TAF1B,9
2,110926098,A,8,NPHP1,9
2,131414399,C,6,POTEJ,9
2,190626331,A,8,OSGEPL1,9
2,191161629,A,8,HIBCH,9
2,201436992,A,7,SGO2,9
2,202151290,A,7,CASP8,9
2,210561667,A,7,MAP2,9
2,210887680,A,8,KANSL1L,9
2,42488302,A,8,EML4,9
2,45169458,C,7,SIX3,9
2,55138130,A,8,EML6,9
2,61633020,A,8,USP34,9
2,74329152,C,7,TET3,9
2,9528643,C,7,ASAP2,9
20,17581680,A,8,DSTN,9
20,3128001,C,7,UBOX5,9
20,36627613,C,6,TTI1,9
20,43881731,C,7,SLPI,9
21,33073336,C,6,SCAF4,9
21,37605286,A,7,DOP1B,9
21,39755554,C,6,ERG,9
21,45786736,C,7,TRPM2,9
21,46917559,C,7,COL18A1,9
21,47663397,C,7,MCM3AP,9
22,41195058,A,6,SLC25A17,9
3,108682419,A,9,MORC1,9
3,142122607,A,8,XRN1,9
3,14513785,A,8,SLC6A6,9
3,48612871,C,7,COL7A1,9
3,62860474,C,6,CADPS,9
3,93761883,A,8,ARL13B,9
4,122723894,A,8,EXOSC9,9
4,184166576,A,7,WWC2,9
4,2698177,A,7,FAM193A,9
4,3133117,A,6,HTT,9
5,146754725,A,8,STK32A,9
5,149206386,C,6,PPARGC1B,9
5,178418555,C,7,GRM6,9
6,116836954,A,7,TRAPPC3L,9
6,116967058,A,8,ZUP1,9
6,144086414,A,8,PHACTR2,9
6,15496636,C,7,JARID2,9
6,158049440,A,7,ZDHHC14,9
6,29141422,A,8,OR2J2,9
6,31127312,C,7,TCF19,9
6,34839369,C,7,BLTP3A,9
6,36287354,A,7,BNIP5,9
6,53519759,A,7,KLHL31,9
6,80720630,A,7,TTK,9
7,104746985,A,7,KMT2E,9
7,143880766,A,7,NA,9
7,23775341,A,8,STK31,9
8,124707762,A,8,ANXA13,9
8,141554345,C,7,AGO2,9
8,145065457,C,7,PARP10,9
8,25257429,A,7,DOCK5,9
8,55538813,A,7,RP1,9
9,115941002,A,7,FKBP15,9
9,33385690,C,7,AQP7,9
9,37357250,A,9,ZCCHC7,9
9,79984308,A,7,VPS13A,9
9,90582463,C,7,CDK20,9
1,100584676,A,8,SASS6,8
1,10511575,C,7,CENPS,8
1,1269091,C,7,TAS1R3,8
1,1354515,C,7,ANKRD65,8
1,153751860,C,7,SLC27A3,8
1,214818826,A,8,CENPF,8
1,215747171,A,8,KCTD3,8
1,229422305,A,8,RAB4A,8
1,233388513,A,7,PCNX2,8
1,71532487,A,7,ZRANB2,8
1,8716109,A,8,RERE,8
10,116887435,A,7,ATRNL1,8
10,118628184,A,7,ENO4,8
10,70332153,A,14,TET1,8
10,75673438,C,7,PLAU,8
10,90768708,A,7,FAS,8
10,91514406,A,7,KIF20B,8
11,11970052,A,6,USP47,8
11,124739423,C,7,ROBO3,8
11,24936024,A,8,LUZP2,8
11,33117910,A,7,TCP11L1,8
11,64375286,C,7,NRXN2,8
11,69063724,C,7,MYEOV,8
11,71948209,C,7,INPPL1,8
11,76867058,C,7,MYO7A,8
11,77911710,C,7,USP35,8
11,85435356,C,7,SYTL2,8
11,8752619,C,6,DENND2B,8
11,9308018,A,8,TMEM41B,8
12,11139432,A,9,PRR4,8
12,112229927,C,7,ALDH2,8
12,11338799,A,8,TAS2R42,8
12,117624320,A,8,FBXO21,8
12,119617377,C,7,HSPB8,8
12,19410381,A,7,PLEKHA5,8
12,26640046,A,7,ITPR2,8
12,54971060,C,7,PDE1B,8
12,55863619,A,7,OR6C70,8
12,56505296,A,14,PA2G4,8
12,57485450,C,7,NAB2,8
12,57921002,C,7,MBD6,8
12,7173239,A,7,C1S,8
12,77449827,A,8,E2F7,8
12,85450035,A,7,LRRIQ1,8
12,88566417,A,8,TMTC3,8
12,96641029,C,7,ELK3,8
13,32954023,A,8,BRCA2,8
13,50057691,A,7,SETDB2,8
14,23993381,C,7,ZFHX2,8
14,24032654,C,7,AP1G2,8
14,64989362,A,8,ZBTB1,8
14,65035126,A,7,PPP1R36,8
14,92624055,A,7,CPSF2,8
15,101438350,C,7,ALDH1A3,8
15,57489984,A,7,TCF12,8
15,75499804,C,7,C15orf39,8
16,1270496,C,7,CACNA1H,8
16,24582804,A,7,RBBP6,8
16,3063895,C,6,CLDN9,8
16,31072706,C,7,ZNF668,8
16,4384871,C,7,GLIS2,8
16,66599895,A,8,CKLF,8
16,66611100,C,7,NA,8
16,68289855,C,7,PLA2G15,8
16,70698147,C,6,MTSS2,8
16,74976691,A,8,WDR59,8
16,88504852,C,7,ZNF469,8
16,9857380,A,7,GRIN2A,8
17,1028559,C,7,ABR,8
17,17046886,C,7,MPRIP,8
17,17250190,C,7,NT5M,8
17,17699359,C,7,RAI1,8
17,28296061,A,8,EFCAB5,8
17,28706683,C,6,CPD,8
17,33289332,A,7,CCT6B,8
17,38171995,C,6,CSF3,8
17,40825491,C,6,PLEKHH3,8
17,74473337,C,7,RHBDF2,8
17,77808751,C,7,CBX4,8
17,80400298,C,7,HEXD,8
18,12370885,A,7,AFG3L2,8
18,13746253,A,7,RNMT,8
18,21739921,A,7,CABYR,8
18,43459143,A,7,EPG5,8
18,51750459,C,7,MBD2,8
19,17081703,C,7,CPAMD8,8
19,20002392,A,7,ZNF253,8
19,20228702,A,7,ZNF90,8
19,35757845,C,7,LSR,8
19,36211899,C,7,KMT2B,8
19,40480654,C,7,PSMC4,8
19,41132911,C,7,LTBP4,8
19,46272054,C,7,SIX5,8
19,46393972,C,8,MYPOP,8
19,48537535,C,6,CABP5,8
19,53518173,C,7,ERVV-1,8
19,56113646,C,7,ZNF524,8
19,58084579,A,7,ZNF416,8
19,6430131,C,7,SLC25A41,8
19,6697481,C,7,C3,8
2,170665008,A,8,SSB,8
2,172334538,A,8,DCAF17,8
2,20200211,A,7,MATN3,8
2,202974397,A,8,KIAA2012,8
2,71839797,C,7,DYSF,8
2,74742219,C,7,TLX2,8
2,99976805,A,8,EIF5B,8
20,19956394,C,7,RIN2,8
20,21493013,C,7,NKX2-2,8
20,2384126,C,6,TGM6,8
20,2816204,C,7,PCED1A,8
22,21799659,C,7,HIC2,8
22,46793728,C,7,CELSR1,8
3,110863855,A,8,NECTIN3,8
3,112005610,A,8,SLC9C1,8
3,126735391,C,6,PLXNA1,8
3,151046142,A,7,MED12L,8
3,194140682,A,14,ATP13A3,8
3,25647591,A,7,TOP2B,8
3,32571050,A,8,DYNC1LI1,8
3,37367468,A,8,GOLGA4,8
3,49210244,C,7,KLHDC8B,8
3,57232250,A,8,HESX1,8
4,110756541,A,8,RRH,8
4,129924995,A,8,SCLT1,8
4,156273869,A,7,MAP9,8
4,169292766,A,7,DDX60L,8
4,170359358,A,8,NEK1,8
5,125939712,A,7,PHAX,8
5,127610311,C,7,FBN2,8
5,131676327,A,7,SLC22A4,8
5,140176838,C,7,PCDHA1,8
5,140474590,A,8,PCDHB2,8
5,171517345,A,7,STK10,8
5,176738408,C,7,MXD3,8
5,180432665,C,7,BTNL3,8
5,31799657,C,7,PDZD2,8
5,32089076,A,7,PDZD2,8
5,93788720,A,6,KIAA0825,8
6,144086746,C,7,PHACTR2,8
6,30610619,C,7,ATAT1,8
6,31106501,C,7,PSORS1C1,8
6,31617055,C,7,BAG6,8
6,52334208,A,7,EFHC1,8
7,100806642,C,7,VGF,8
7,102760123,A,8,NAPEPLD,8
7,107763584,A,7,LAMB4,8
7,123332485,A,7,WASL,8
7,142561448,C,7,EPHB6,8
7,143269080,A,7,CTAGE15,8
7,143966168,A,7,ARHGEF35,8
7,150164232,A,7,GIMAP8,8
7,38810820,A,7,VPS41,8
7,42005573,C,6,GLI3,8
7,51287562,C,7,COBL,8
7,89929188,A,8,CFAP69,8
8,125080031,A,7,FER1L6,8
8,22472975,C,7,CCAR2,8
8,32453511,A,7,NRG1,8
8,53062482,A,8,ST18,8
8,72958792,A,7,NA,8
9,103111633,A,7,TEX10,8
9,116171195,A,7,POLE3,8
9,132687243,A,8,FNBP1,8
9,135946790,C,8,CEL,8
9,17135271,C,7,CNTLN,8
9,84606643,A,7,SPATA31D1,8
1,115520224,A,8,SYCP1,7
1,149884981,C,6,SV2A,7
1,170004605,A,7,KIFAP3,7
1,203667346,C,7,ATP2B4,7
1,215793922,A,7,KCTD3,7
1,224001956,C,6,TP53BP2,7
1,36636626,C,7,MAP7D1,7
1,3688025,C,7,CCDC27,7
1,45288194,C,7,PTCH2,7
1,53930444,C,6,DMRTB1,7
1,62253580,C,7,PATJ,7
1,78444659,C,6,FUBP1,7
1,91182377,C,7,BARHL2,7
1,93169000,A,6,EVI5,7
1,94495003,C,7,ABCA4,7
10,27322259,A,7,ANKRD26,7
10,35327850,A,8,CUL2,7
10,61823946,A,7,ANK3,7
10,61828580,A,7,ANK3,7
10,78771741,A,7,KCNMA1,7
11,104874011,A,8,CASP5,7
11,110104137,C,7,RDX,7
11,119216273,C,7,NA,7
11,18638501,A,7,SPTY2D1,7
11,47689211,A,8,AGBL2,7
11,56237709,A,7,OR5M3,7
11,71948748,C,7,INPPL1,7
11,82877219,A,7,PCF11,7
11,9735070,A,8,SWAP70,7
12,112623046,C,7,HECTD4,7
12,122685346,C,7,LRRC43,7
12,34179308,A,7,ALG10,7
12,51392999,A,6,SLC11A2,7
12,64377821,A,7,SRGAP1,7
12,97024359,A,8,CFAP54,7
13,101760070,A,7,NALCN,7
13,70681728,C,6,KLHL1,7
14,105174185,C,7,INF2,7
14,105693010,C,7,BRF1,7
14,20846338,C,7,TEP1,7
15,49309051,A,8,SECISBP2L,7
15,49776644,A,8,FAM227B,7
15,50193368,A,7,ATP8B4,7
15,55611484,C,6,PIGB,7
15,63986203,A,8,HERC1,7
15,66030119,A,7,DENND4A,7
15,90809018,C,6,NA,7
16,27509009,A,7,GTF3C1,7
16,30409310,C,7,ZNF48,7
16,30939204,C,8,FBXL19,7
16,53348351,A,7,CHD9,7
17,16285785,C,7,UBB,7
17,29196630,A,7,ATAD5,7
17,29553478,C,7,NF1,7
17,29632035,A,7,NF1,7
17,40328259,C,7,KCNH4,7
17,41245587,A,8,BRCA1,7
17,44653639,A,8,ARL17A,7
17,46135788,C,6,NFE2L1,7
17,59999160,A,8,INTS2,7
17,70119781,C,6,SOX9,7
17,7606715,C,7,WRAP53,7
18,14851888,A,6,ANKRD30B,7
18,19154750,A,7,ESCO1,7
18,54358513,C,7,WDR7,7
18,77894261,C,7,ADNP2,7
19,10397719,A,8,ICAM4,7
19,12502590,A,7,NA,7
19,16314384,C,7,AP1M1,7
19,22846646,A,8,ZNF492,7
19,38378007,A,7,WDR87,7
19,42383610,C,6,CD79A,7
19,45556129,C,7,CLASRP,7
19,45996513,C,7,RTN2,7
19,50363527,C,7,PTOV1,7
19,55993278,C,7,ZNF628,7
19,56249722,A,8,NLRP9,7
19,9362217,A,7,OR7E24,7
2,103324746,C,7,SLC9A2,7
2,128096511,A,7,MAP3K2,7
2,152293790,A,7,RIF1,7
2,152541344,C,6,NEB,7
2,159077217,A,7,CCDC148,7
2,16082314,C,7,MYCN,7
2,1652984,C,7,PXDN,7
2,170493804,A,7,PPIG,7
2,179196281,A,7,OSBPL6,7
2,203168127,A,14,NOP58,7
2,230661315,A,7,TRIP12,7
2,234879010,C,7,TRPM8,7
2,28248273,A,8,BABAM2,7
2,42991089,C,7,OXER1,7
2,74687543,C,7,INO80B,7
20,30640230,C,7,HCK,7
20,35414897,C,7,MTCL2,7
20,50400983,C,7,SALL4,7
20,56735727,C,7,CIMIP1,7
21,33074655,A,7,SCAF4,7
21,38555143,A,8,TTC3,7
21,40795389,A,7,GET1,7
21,42540489,C,7,BACE2,7
21,44581216,C,7,NA,7
22,26932299,C,7,TPST2,7
22,38130773,C,7,NA,7
22,42610948,C,7,TCF20,7
3,108229398,A,7,MYH15,7
3,167223102,A,7,WDR49,7
3,184073510,C,6,EIF2B5,7
3,25833043,A,6,OXSM,7
3,38039625,C,7,VILL,7
3,52547908,C,7,STAB1,7
3,93761986,A,7,ARL13B,7
4,100571166,C,7,C4orf54,7
4,122250740,A,8,QRFPR,7
4,134071649,C,7,PCDH10,7
4,160253755,A,7,RAPGEF2,7
4,183609359,C,7,TENM3,7
4,37447379,A,7,NWD2,7
4,40144449,A,8,N4BP2,7
4,71346701,C,7,MUC7,7
5,102309949,A,7,PAM,7
5,108290522,A,7,FER,7
5,139905676,A,7,ANKHD1,7
5,90124781,A,7,ADGRV1,7
5,98236745,A,7,CHD1,7
6,131919846,A,8,MED23,7
6,17788023,A,7,KIF13A,7
6,64394097,A,7,PHF3,7
6,90415853,A,7,MDN1,7
7,110764637,A,7,IMMP2L,7
7,128852004,C,6,SMO,7
7,13975473,C,7,ETV1,7
7,139790972,A,7,KDM7A,7
7,139833448,A,7,KDM7A,7
7,143454576,A,7,CTAGE6,7
7,23224773,C,7,NA,7
7,4841484,C,7,RADIL,7
7,77569581,A,8,PHTF2,7
7,92146721,A,9,PEX1,7
7,99769525,C,7,GPC2,7
8,144941378,C,6,NA,7
8,48746799,A,7,PRKDC,7
8,67341501,C,6,RRS1,7
9,112900483,C,7,PALM2AKAP2,7
9,131013112,C,8,DNM1,7
9,135946724,C,8,CEL,7
9,137707451,C,7,COL5A1,7
9,140006327,C,7,DPP7,7
9,35108148,C,7,ATOSB,7
1,103352561,A,7,COL11A1,6
1,1266836,C,7,TAS1R3,6
1,1564067,C,7,MIB2,6
1,1568658,C,6,MMP23B,6
1,160295427,A,8,COPA,6
1,192779369,A,7,RGS2,6
1,204091508,C,6,SOX13,6
1,206821441,A,8,DYRK3,6
1,207139177,A,6,FCAMR,6
1,207715544,C,6,CR1,6
1,207734101,C,6,CR1,6
1,216680306,A,7,ESRRG,6
1,22211642,C,7,HSPG2,6
1,222843548,A,7,AIDA,6
1,226736673,C,6,STUM,6
1,228111954,C,7,WNT9A,6
1,230203102,C,6,GALNT2,6
1,24690711,C,6,GRHL3,6
1,28856410,C,7,RCC1,6
1,32084832,C,6,HCRTR1,6
1,35578941,A,7,ZMYM1,6
1,53543377,C,6,PODN,6
1,85736511,A,8,BCL10,6
10,103826900,C,6,HPS6,6
10,104176203,C,6,PSD,6
10,115662308,A,7,NHLRC2,6
10,124402883,C,7,DMBT1,6
10,27687763,A,6,NA,6
10,32311826,A,7,KIF5B,6
10,51884990,A,7,WASHC2A,6
10,75525560,C,7,SEC24C,6
11,107965658,A,8,CUL5,6
11,108216477,A,7,ATM,6
11,1093684,C,6,NA,6
11,118344186,C,7,KMT2A,6
11,1477640,C,7,BRSK2,6
11,17352468,A,8,NUCB2,6
11,400077,C,7,PKP3,6
11,49179535,A,7,FOLH1,6
11,68517872,C,6,TESMIN,6
12,10532376,A,8,KLRK1,6
12,49445526,C,7,KMT2D,6
12,57572242,C,7,LRP1,6
12,70049362,C,7,BEST3,6
12,7310658,C,7,CLSTN3,6
12,78388636,A,7,NAV3,6
12,80083900,C,7,PAWR,6
12,99071207,A,8,APAF1,6
13,32913837,A,7,BRCA2,6
13,41705322,C,7,KBTBD6,6
14,101347507,C,6,RTL1,6
14,105614481,C,7,JAG2,6
14,39746243,A,8,NA,6
14,57271049,C,6,OTX2,6
14,64989787,A,7,ZBTB1,6
14,96761299,A,6,ATG2B,6
15,34549916,A,7,SLC12A6,6
15,44905698,A,8,SPG11,6
15,45724279,A,9,C15orf48,6
15,49036443,A,8,CEP152,6
15,52161562,A,8,TMOD3,6
15,65681240,C,7,IGDCC4,6
15,69331226,A,7,NOX5,6
15,75942736,C,7,SNX33,6
15,85634360,A,7,PDE8A,6
16,11141159,A,7,CLEC16A,6
16,15131931,A,8,PDXDC1,6
16,46729525,A,7,ORC6,6
16,5061152,C,7,SEC14L5,6
16,72822586,C,7,ZFHX3,6
17,12642606,C,7,MYOCD,6
17,18181545,C,7,TOP3A,6
17,3819462,C,6,P2RX1,6
17,65944266,A,7,BPTF,6
17,7751137,C,7,KDM6B,6
17,7832617,C,6,KCNAB3,6
17,79671379,C,7,MRPL12,6
17,8167585,C,7,PFAS,6
18,72020514,A,7,C18orf63,6
18,9256062,A,8,ANKRD12,6
19,10202224,C,6,SHFL,6
19,21992323,A,8,ZNF43,6
19,33291097,A,8,TDRD12,6
19,37210375,A,8,ZNF567,6
19,42133320,C,7,CEACAM4,6
19,42776955,C,7,CIC,6
19,46283130,C,7,DMPK,6
19,48789818,A,7,ZNF114,6
19,49001892,C,7,LMTK3,6
19,57646387,A,7,ZIM3,6
2,152320350,A,7,RIF1,6
2,170460581,A,7,PPIG,6
2,175201436,C,6,SP9,6
2,182542972,C,7,CERKL,6
2,21365030,A,8,TDRD15,6
2,217559379,C,7,IGFBP5,6
2,219883883,C,7,CFAP65,6
2,220081103,C,6,ABCB6,6
2,242179467,C,6,HDLBP,6
2,55253746,A,9,RTN4,6
2,74781910,A,7,LOXL3,6
2,97911571,A,7,ANKRD36,6
2,99977650,A,8,EIF5B,6
2,99977965,A,8,EIF5B,6
20,23667826,C,7,CST4,6
20,29960672,A,8,DEFB118,6
22,38051314,C,7,SH3BP1,6
3,126142183,C,7,CFAP100,6
3,127396605,C,6,ABTB1,6
3,142775212,A,6,U2SURP,6
3,149192694,C,7,TM4SF4,6
3,182602674,A,8,ATP11B,6
3,62358192,C,7,FEZF2,6
4,118005517,A,7,TRAM1L1,6
4,123165029,A,8,BLTP1,6
4,128564917,A,8,INTU,6
4,146041093,A,7,ABCE1,6
4,186544879,C,7,SORBS2,6
4,25353254,A,7,ZCCHC4,6
4,47559698,C,7,ATP10D,6
4,48859372,A,7,OCIAD1,6
4,57333820,C,7,SRP72,6
4,68810346,A,7,TMPRSS11A,6
4,74313372,A,7,AFP,6
5,112769462,C,7,MCC,6
5,133316639,A,8,VDAC1,6
5,13701426,A,7,DNAH5,6
5,145859646,A,7,TCERG1,6
5,147806940,A,8,FBXO38,6
5,38923329,A,7,OSMR,6
5,43161406,A,7,ZNF131,6
5,43173517,A,7,ZNF131,6
5,56219767,A,7,SETD9,6
5,64020298,A,7,SREK1IP1,6
5,74484349,A,7,ANKRD31,6
5,98206409,A,7,CHD1,6
6,107391602,C,7,BEND3,6
6,109850222,A,7,AK9,6
6,116560165,A,7,NT5DC1,6
6,132031982,A,7,ENPP3,6
6,146264759,A,7,SHPRH,6
6,146351094,C,6,GRM1,6
6,16307055,A,7,ATXN1,6
6,29641359,A,7,ZFP57,6
6,4052975,A,7,PRP4K,6
6,56917909,A,8,KIAA1586,6
6,74351590,A,7,SLC17A5,6
7,102964992,A,8,PMPCB,6
7,103805692,A,7,ORC5,6
7,105148864,A,7,PUS7,6
7,151046320,A,7,NUB1,6
7,151791468,A,7,GALNT11,6
7,50531075,A,7,DDC,6
7,89856465,A,8,STEAP2,6
7,89933287,A,7,CFAP69,6
8,101300216,A,7,RNF19A,6
8,105509429,A,7,LRP12,6
8,145535876,C,7,HSF1,6
8,145727027,C,6,PPP1R16A,6
8,146067178,A,7,ZNF7,6
8,38067995,A,8,BAG4,6
8,6302639,A,7,MCPH1,6
8,70514026,A,7,SULF1,6
8,7718228,A,7,SPAG11A,6
8,92406218,A,8,SLC26A7,6
8,92998419,A,7,RUNX1T1,6
8,99168468,A,7,POP1,6
9,103062935,A,6,INVS,6
9,133932467,C,6,LAMC3,6
9,135018,A,6,ZNG1A,6
9,135946757,C,8,CEL,6
9,135946823,C,8,CEL,6
9,20413952,A,7,MLLT3,6
9,21007046,A,8,HACD4,6
9,33464082,C,6,NOL6,6
9,33548142,A,7,ANKRD18B,6
9,39073899,A,7,CNTNAP3,6
9,95285119,A,7,CENPP,6
9,98209617,C,7,PTCH1,6
9,98211549,C,6,PTCH1,6
1,108700183,A,8,SLC25A24,5
1,111703836,A,7,CEPT1,5
1,1271642,C,7,DVL1,5
1,153362605,A,7,S100A8,5
1,15656049,A,7,FHAD1,5
1,16474977,C,6,EPHA2,5
1,179620102,A,7,TDRD5,5
1,212548597,A,7,PACC1,5
1,21306905,C,7,EIF4G3,5
1,231487256,A,7,SPRTN,5
1,27106804,C,6,ARID1A,5
1,33330280,C,6,FNDC5,5
1,35485090,A,7,NA,5
1,38185238,C,6,EPHA10,5
1,40028016,C,7,PABPC4,5
1,46751495,C,6,LRRC41,5
1,46752129,A,7,LRRC41,5
1,739131,A,11,NA,5
1,86826142,A,8,ODF2L,5
1,92642631,A,6,NA,5
1,94032937,A,7,BCAR3,5
10,104175781,C,7,PSD,5
10,115977404,A,7,TDRD1,5
10,126715137,C,6,CTBP2,5
10,135093332,C,6,TUBGCP2,5
10,27459056,A,6,MASTL,5
10,62149221,A,7,ANK3,5
10,70775815,A,8,KIFBP,5
10,78771791,A,7,KCNMA1,5
10,91497815,A,7,KIF20B,5
11,107299560,A,7,CWF19L2,5
11,108114817,A,7,ATM,5
11,118773127,C,6,BCL9L,5
11,4967722,A,6,MMP26,5
11,5153679,A,7,OR52A5,5
11,6590002,C,6,DNHD1,5
11,66469100,C,6,SPTBN2,5
11,723305,C,7,EPS8L2,5
11,7689748,A,7,CYB5R2,5
11,85437269,A,7,SYTL2,5
11,93471447,A,14,TAF1D,5
12,100613799,A,7,ACTR6,5
12,113442830,A,7,OAS2,5
12,117977605,C,7,KSR2,5
12,14019044,C,7,GRIN2B,5
12,16047015,A,7,STRAP,5
12,21712605,A,7,GYS2,5
12,2968088,C,7,ITFG2,5
12,39734129,A,7,KIF21A,5
12,52345607,C,6,ACVR1B,5
12,57560723,C,7,LRP1,5
12,8281937,A,8,CLEC4A,5
12,97041768,A,7,CFAP54,5
13,21205180,A,7,IFT88,5
13,50065970,A,8,SETDB2,5
13,60385030,A,7,DIAPH3,5
14,24619975,C,6,RNF31,5
14,62014535,A,7,PRKCH,5
14,94046589,C,7,UNC79,5
15,90168411,C,6,TICRR,5
15,91347484,A,6,BLM,5
16,28883208,C,7,SH2B1,5
16,50825519,A,7,CYLD,5
16,53263000,A,7,CHD9,5
16,66885451,A,7,NAE1,5
16,85010039,C,6,ZDHHC7,5
16,85010045,C,6,ZDHHC7,5
16,87723701,C,6,JPH3,5
16,88495420,C,6,ZNF469,5
17,19641649,C,6,ALDH3A1,5
17,73484878,C,7,TMEM94,5
17,7794001,A,7,CHD3,5
17,7979987,C,7,ALOX12B,5
17,80206876,C,6,SLC16A3,5
18,13681751,A,7,FAM210A,5
18,14848777,A,6,ANKRD30B,5
18,40323632,A,7,RIT2,5
18,45566519,C,7,ZBTB7C,5
18,74778307,A,7,MBP,5
19,12542364,A,7,NA,5
19,17836781,C,6,MAP1S,5
19,22575732,A,8,ZNF98,5
19,23406702,A,7,ZNF724,5
19,42905973,C,6,LIPE,5
19,5667115,C,7,SAFB,5
19,7083662,A,7,ZNF557,5
19,8193949,C,7,FBN3,5
19,8651552,C,6,ADAMTS10,5
19,9049103,A,7,NA,5
19,9064310,C,7,NA,5
19,929631,C,6,ARID3A,5
2,113060881,A,7,ZC3H6,5
2,157185029,A,7,NR4A2,5
2,164468132,A,7,FIGN,5
2,202358554,A,8,C2CD6,5
2,203831759,A,7,WDR12,5
2,238275519,C,6,COL6A3,5
2,25966873,C,7,ASXL2,5
2,58373509,A,8,VRK2,5
2,70392682,A,7,C2orf42,5
2,74452025,A,7,NA,5
2,74757473,C,7,HTRA2,5
2,75874011,C,6,MRPL19,5
20,13260475,C,7,ISM1,5
20,17581489,A,6,DSTN,5
20,23065887,C,7,CD93,5
20,3526487,A,7,ATRN,5
20,44523668,C,7,CTSA,5
20,55953093,A,8,RAE1,5
21,45656840,C,6,ICOSLG,5
22,28196403,C,6,MN1,5
22,51063611,C,6,ARSA,5
3,105250904,A,6,ALCAM,5
3,119582342,A,6,GSK3B,5
3,122345823,A,7,PARP15,5
3,133379900,A,7,TOPBP1,5
3,141326548,A,6,RASA2,5
3,1414122,A,7,CNTN6,5
3,149192718,A,7,TM4SF4,5
3,150877786,C,7,MED12L,5
3,155481558,A,7,C3orf33,5
3,169802469,A,7,GPR160,5
3,172096210,C,7,FNDC3B,5
3,180702431,A,6,DNAJC19,5
3,182987674,A,7,MCF2L2,5
3,44283666,C,6,TOPAZ1,5
3,46307343,A,8,CCR3,5
3,48501288,C,6,ATRIP,5
3,52546401,C,6,STAB1,5
3,54596940,A,6,CACNA2D3,5
4,114274959,A,6,ANK2,5
4,15689832,A,8,FAM200B,5
4,174450194,C,7,HAND2,5
4,186544439,A,8,SORBS2,5
4,187542110,C,6,FAT1,5
4,27019447,C,6,STIM2,5
4,4285458,A,6,LYAR,5
4,76891521,A,7,SDAD1,5
5,180374580,A,6,BTNL8,5
5,24492973,A,8,CDH10,5
5,35874637,A,7,IL7R,5
5,68737375,A,8,MARVELD2,5
5,72199545,A,7,TNPO1,5
6,127804080,A,7,NA,5
6,135518338,A,7,MYB,5
6,144782471,A,7,UTRN,5
6,146965911,A,7,ADGB,5
6,151671330,A,7,AKAP12,5
6,30040952,A,7,RNF39,5
6,42074306,C,7,C6orf132,5
6,43251480,C,6,TTBK1,5
6,47576961,A,8,CD2AP,5
6,55039411,C,7,HCRTR2,5
6,80720539,A,7,TTK,5
7,105655642,C,7,CDHR3,5
7,142983891,A,6,TMEM139,5
7,143271073,C,6,CTAGE15,5
7,143452584,C,6,CTAGE6,5
7,44684936,A,8,OGDH,5
7,57528542,A,7,ZNF716,5
7,5963564,A,7,CCZ1,5
7,88956724,A,6,ZNF804B,5
7,94185017,A,7,CASD1,5
8,133826909,A,8,PHF20L1,5
8,142221700,A,8,SLC45A4,5
8,31001132,A,7,WRN,5
8,36642085,A,6,KCNU1,5
8,37691605,C,7,ADGRA2,5
8,37699108,C,6,ADGRA2,5
8,56863054,A,7,LYN,5
8,7637601,A,7,PRR23D2,5
9,104239080,C,6,PGAP4,5
9,114695180,A,7,UGCG,5
9,131771467,C,7,SH3GLB2,5
9,133506076,C,6,FUBP3,5
9,135277373,A,8,TTF1,5
9,135946856,C,8,CEL,5
9,139793212,C,7,TRAF2,5
9,32633025,A,7,TAF1L,5
9,35091523,C,7,PIGO,5
9,36112461,A,7,RECK,5
9,69218549,A,6,NA,5
1,111959047,C,7,OVGP1,4
1,11893605,A,7,CLCN6,4
1,145367737,A,7,NA,4
1,16378297,C,6,CLCNKB,4
1,179337955,A,8,AXDND1,4
1,27097622,A,6,ARID1A,4
1,28599271,C,6,SESN2,4
1,28800273,C,7,PHACTR4,4
1,3418429,C,7,MEGF6,4
1,45268997,C,6,PLK3,4
10,104176197,C,6,PSD,4
10,115481532,A,6,CASP7,4
10,134503931,A,6,INPP5A,4
10,68535271,A,7,CTNNA3,4
11,27362973,A,8,CCDC34,4
11,4976335,A,6,MMP26,4
11,65367034,C,6,MAP3K11,4
11,73825472,A,7,C2CD3,4
12,100453147,A,7,BLTP3B,4
12,124421800,C,7,CCDC92,4
12,27069026,A,7,INTS13,4
12,86374168,A,7,MGAT4C,4
14,104642401,C,7,KIF26A,4
14,21556192,C,7,ARHGEF40,4
14,51237236,A,6,NIN,4
14,63174303,C,7,KCNH5,4
15,63829242,A,7,USP3,4
16,57060196,C,6,NLRC5,4
16,88694459,C,6,ZC3H18,4
16,89777305,C,6,VPS9D1,4
17,39742887,C,6,KRT14,4
17,40134398,A,6,DNAJC7,4
17,61497894,C,6,TANC2,4
17,73501069,C,6,CASKIN2,4
18,24497274,A,7,CHST9,4
18,9257836,A,7,ANKRD12,4
19,13008601,C,7,GCDH,4
19,14758113,A,7,ADGRE3,4
19,4180893,C,6,SIRT6,4
19,53518125,A,7,ERVV-1,4
2,102452432,A,7,MAP4K4,4
2,164467489,C,6,FIGN,4
2,168099958,C,7,XIRP2,4
2,176995417,C,7,HOXD8,4
2,178077589,C,6,HNRNPA3,4
2,211018375,A,6,KANSL1L,4
2,220197269,C,6,RESP18,4
2,231931680,A,8,PSMD1,4
2,24098756,A,7,ATAD2B,4
2,48030692,A,7,MSH6,4
2,74128518,C,6,ACTG2,4
2,84771599,A,7,DNAH6,4
2,96521245,A,7,ANKRD36C,4
22,40708591,C,6,TNRC6B,4
22,50277679,A,7,ZBED4,4
3,112299856,A,7,SLC35A5,4
3,167189546,A,7,SERPINI2,4
3,3189779,A,7,TRNT1,4
3,7456819,A,7,GRM7,4
4,146041224,A,7,ABCE1,4
4,56765965,A,8,EXOC1,4
4,71844995,A,8,MOB1B,4
4,75314781,C,7,AREG,4
5,122713213,A,7,CEP120,4
5,176966140,C,7,FAM193B,4
5,71492292,A,6,MAP1B,4
6,109906343,A,9,AK9,4
6,126176317,A,8,NCOA7,4
6,148865778,C,6,SASH1,4
6,29627217,C,7,MOG,4
6,33169558,A,6,SLC39A7,4
6,75899298,A,8,COL12A1,4
6,84772665,A,6,MRAP2,4
7,141619203,A,8,MGAM,4
7,143964176,C,6,ARHGEF35,4
7,151845524,A,6,KMT2C,4
8,25182889,A,7,DOCK5,4
8,442651,A,6,TDRP,4
8,55541377,A,7,RP1,4
8,70744246,C,6,SLCO5A1,4
9,100222738,A,6,TDRD7,4
9,125839008,A,7,RABGAP1,4
9,139370379,A,7,SEC16A,4
9,19063047,A,7,HAUS6,4
9,5361173,A,8,PLGRKT,4
9,71855036,A,7,TJP2,4
1,145527998,C,7,ITGA10,3
1,153916829,C,7,DENND4B,3
1,207696973,C,6,CR1,3
10,46280130,A,7,WASHC2C,3
10,47913696,A,7,NA,3
10,47941135,A,7,NA,3
11,77413116,A,7,RSF1,3
12,52867127,C,6,KRT6C,3
12,52886578,C,6,KRT6A,3
15,55759242,A,9,DNAAF4,3
19,55512184,A,7,NLRP2,3
19,58049657,A,7,ZNF549,3
2,109087914,A,7,GCC2,3
2,111292999,A,6,RGPD6,3
2,192818525,A,7,TMEFF2,3
2,234526711,A,7,UGT1A1,3
20,3765819,C,7,CENPB,3
20,40739003,C,6,PTPRT,3
3,118917947,C,6,UPK1B,3
3,47161907,A,7,SETD2,3
3,93761893,A,6,ARL13B,3
4,103189225,A,7,SLC39A8,3
4,128608872,A,7,INTU,3
4,75484540,C,7,NA,3
5,111066620,A,7,NREP,3
5,6372636,C,6,MED10,3
6,142718831,A,6,ADGRG6,3
6,31852462,C,6,EHMT2,3
7,143882759,C,6,NA,3
7,91870426,A,8,KRIT1,3
8,145065718,C,7,PARP10,3
9,106862450,A,7,SMC2,3
9,108382270,A,7,FKTN,3
9,135554691,A,7,GTF3C4,3
1,19467923,C,7,UBR4,2
10,51857555,A,7,WASHC2A,2
15,72948906,A,14,GOLGA6B,2
15,75552767,A,14,GOLGA6C,2
15,75577044,A,14,GOLGA6D,2
15,89010565,C,6,MRPL46,2
19,53553334,C,7,ERVV-2,2
2,113147558,A,6,RGPD8,2
2,153529111,A,7,PRPF40A,2
2,234545526,A,7,UGT1A1,2
2,33813525,A,7,FAM98A,2
7,107664505,A,8,LAMB4,2
8,145109481,C,6,OPLAH,2
9,40704152,A,6,NA,2
9,42700968,A,6,ZNG1F,2
9,70445992,A,6,ZNG1E,2
1,16356552,C,6,CLCNKA,1
1,87026013,A,7,CLCA4,1
11,110582936,C,6,ARHGAP20,1
15,93540530,C,6,CHD2,1
18,9256307,A,10,ANKRD12,1
19,53553286,A,7,ERVV-2,1
5,178459262,A,6,ZNF879,1
8,92378867,A,7,SLC26A7,1
9,39359571,A,6,SPATA31A1,1
9,39888822,A,6,NA,1
9,41504537,A,6,NA,1
12,132249061,A,7,SFSWAP,0
3,37050349,A,6,MLH1,0
