CHR,START,PATTERN,REFERENCE_REPEATS,COUNTS,hgnc_symbol
2,148683686,A,8,208,ACVR2A
1,6257785,A,8,164,RPL22
12,122242658,C,8,145,SETD1B
4,83785565,A,9,139,SEC31A
13,115057211,A,9,137,UPF3A
2,165551296,A,9,116,COBLL1
6,111587361,A,9,113,MFSD4B
11,77784147,A,9,109,NA
13,103381996,A,9,109,CCDC168
2,203922058,A,9,106,NBEAL1
17,56435161,C,7,105,RNF43
5,79970915,A,8,103,MSH3
20,47858504,A,8,101,DDX27
4,56336954,A,9,101,CLOCK
3,51417604,C,7,100,DOCK3
2,203420130,A,7,99,BMPR2
3,100039736,A,9,97,TBC1D23
16,4862229,C,8,90,GLYR1
11,77920856,C,8,89,USP35
16,10867203,A,9,89,TVP23A
3,136573486,A,9,86,SLC35G2
5,145647320,A,9,86,RBM27
7,77423460,A,9,86,TMEM60
8,103289349,A,8,86,UBR5
19,49458971,C,8,84,BAX
19,49850473,C,8,82,TEAD2
10,114925317,A,9,80,TCF7L2
10,70182521,A,9,80,DNA2
18,57013194,A,9,79,LMAN1
3,183665257,A,9,79,ABCC5
6,80751897,A,9,77,TTK
1,160589601,A,9,76,SLAMF1
7,151874148,A,9,76,KMT2C
1,27621108,C,8,74,WDTC1
12,64812755,A,9,74,XPOT
11,126137087,A,8,73,SRPRA
5,140049102,A,8,73,WDR55
9,96422612,A,8,73,PHF2
13,33344888,A,9,70,PDS5B
17,48433967,C,7,70,XYLT2
5,145886723,A,8,70,TCERG1
14,45693722,A,9,69,MIS18BP1
20,31022442,C,8,69,ASXL1
3,186362544,A,9,69,FETUB
5,131931452,A,9,69,RAD50
4,15938178,A,9,68,FGFBP1
7,108205526,A,9,68,PNPLA8
2,48030640,C,8,66,MSH6
1,1290110,C,7,65,MXRA8
10,93601946,A,9,65,TNKS2
2,165365288,A,9,65,GRB14
1,147091501,C,8,64,BCL9
8,95686611,A,8,64,ESRP1
21,38524243,A,8,63,TTC3
6,131481276,A,8,63,AKAP7
1,45407182,A,9,62,EIF2B3
1,91967357,A,9,61,CDC7
19,48197891,C,8,61,BICRA
10,111893350,A,8,60,ADD3
11,62649529,A,8,60,SLC3A2
13,50235209,A,9,60,EBPL
1,14108749,A,9,59,PRDM2
9,136918529,C,8,59,BRD3
3,57509313,A,9,58,DNAH12
11,118220583,A,9,57,CD3G
16,85682290,C,8,57,GSE1
1,1116223,C,8,56,TTLL10
11,32635951,A,9,56,CCDC73
2,172549339,A,9,56,DYNC1I2
1,110906427,A,9,55,SLC16A4
22,31672777,C,8,55,LIMK2
6,36867371,C,8,55,C6orf89
3,114058003,C,7,54,ZBTB20
6,158508009,C,8,54,SYNJ2
1,24078404,A,8,52,ELOA
20,49508204,A,8,51,ADNP
3,20216050,A,9,51,SGO1
4,3015470,A,9,51,GRK4
5,143853531,A,9,51,KCTD16
6,139097330,A,8,51,CCDC28A
1,231131567,A,9,50,ARV1
10,90682146,A,8,50,STAMBPL1
12,57422573,A,8,50,TAC3
16,30736371,C,8,50,SRCAP
7,19769017,A,9,50,TMEM196
11,55653610,A,8,49,TRIM51
18,18533679,A,8,49,ROCK1
6,160485488,C,8,49,IGF2R
1,155308000,A,9,48,ASH1L
12,57921732,C,8,48,MBD6
16,88691141,C,8,48,ZC3H18
17,4875738,C,8,48,CAMTA2
2,207174428,A,9,48,ZDBF2
6,100382358,A,9,48,MCHR2
7,120971879,C,7,48,WNT16
10,100186987,C,8,47,HPS1
11,26587427,A,9,47,ANO3
15,64967247,A,8,47,ZNF609
15,79750586,A,8,47,MINAR1
2,37454908,A,9,47,CEBPZ
20,31671214,C,8,47,BPIFB4
3,168833257,A,7,47,MECOM
3,43647213,A,9,47,ANO10
4,113570754,A,8,47,LARP7
10,78729786,A,9,46,KCNMA1
3,180666228,A,8,46,FXR1
4,3432431,C,8,46,RGS12
6,102503432,A,8,46,GRIK2
9,18680350,C,8,46,ADAMTSL1
1,240072444,A,8,45,CHRM3
6,84896233,A,8,45,CEP162
9,124536637,C,8,45,DAB2IP
10,29760116,C,7,44,SVIL
13,53049034,A,8,44,CKAP2
17,76046980,A,8,44,TNRC6C
18,61584739,A,9,44,SERPINB10
10,98336475,A,8,43,TM9SF3
17,49077041,A,9,43,SPAG9
19,5587282,C,8,43,SAFB2
3,157081227,A,9,43,VEPH1
6,114292040,A,9,43,HDAC2
8,37791834,A,9,43,GOT1L1
20,58452519,A,9,42,SYCP2
21,10944697,A,8,42,NA
6,163899920,A,8,42,QKI
8,124384893,A,9,42,ATAD2
17,46629737,C,8,41,HOXB3
19,39330959,C,8,41,HNRNPL
2,169997025,C,8,41,LRP2
4,3430399,A,9,41,RGS12
17,55028016,A,8,40,COIL
18,20572853,A,9,40,RBBP8
1,100534122,A,8,39,MFSD14A
1,204228411,C,6,39,PLEKHA6
10,890939,A,7,39,LARP4B
2,27248517,C,8,39,MAPRE3
5,162917426,A,9,39,HMMR
7,100802405,C,8,39,AP1S1
1,35846960,A,9,38,ZMYM4
17,20108263,A,8,38,SPECC1
21,16338330,A,8,38,NRIP1
3,195595229,C,8,38,TNK2
6,112389434,A,9,38,CCN6
1,158533299,A,8,37,OR6P1
1,35370731,C,8,37,DLGAP3
1,93667516,A,9,37,CCDC18
10,75560464,C,8,37,ZSWIM8
11,118770652,C,8,37,BCL9L
13,27255387,C,8,37,WASF3
2,74687410,C,8,37,INO80B
20,31041556,C,8,37,NOL4L
5,35705894,A,9,37,SPEF2
8,73480397,A,8,37,KCNB2
9,5968044,A,9,37,BRD10
1,74575213,A,9,36,LRRIQ3
10,70156583,A,9,36,RUFY2
12,110019240,C,6,36,MVK
16,28913640,C,8,36,ATP2A1
16,77356311,A,9,36,ADAMTS18
16,89951020,A,9,36,TCF25
17,7496122,C,8,36,FXR2
2,196788374,A,9,36,DNAH7
11,63525656,A,8,35,RTN3
13,20638677,A,8,35,ZMYM2
15,23021239,A,8,35,NIPA2
17,17119709,C,8,35,MPRIP
17,65899951,A,9,35,BPTF
19,38376035,A,8,35,WDR87
2,203054920,A,9,35,KIAA2012
2,20870507,C,8,35,GDF7
4,85556475,A,9,35,CDS1
5,154173390,C,8,35,LARP1
1,27105931,C,7,34,ARID1A
11,118969143,A,8,34,DPAGT1
11,4703475,A,8,34,OR51E2
13,23912864,A,9,34,SACS
13,95696016,A,9,34,ABCC4
18,34205516,C,6,34,FHOD3
6,24798950,A,9,34,ARMH2
9,35059647,A,9,34,VCP
9,69421905,A,8,34,NA
10,15098973,A,8,33,OLAH
12,416953,A,8,33,KDM5A
15,42742957,A,8,33,ZNF106
16,30007665,A,9,33,HIRIP3
17,40939870,C,7,33,WNK4
3,77657038,C,8,33,ROBO2
5,36985083,A,8,33,NIPBL
11,119210190,C,8,32,NA
11,32637520,A,8,32,CCDC73
12,88524079,A,8,32,CEP290
15,91304139,A,9,32,BLM
16,77775744,A,8,32,NUDT7
17,25910016,C,8,32,KSR1
2,178988920,A,9,32,RBM45
4,186272695,A,8,32,SNX25
4,95173910,A,8,32,SMARCAD1
6,108214774,A,9,32,SEC63
9,115806416,A,8,32,ZFP37
1,169366580,A,8,31,CCDC181
1,54605319,C,8,31,CDCP2
11,111953289,A,8,31,NKAPD1
11,31812317,C,7,31,PAX6
12,95650969,A,9,31,VEZT
14,23517514,C,7,31,CDH24
15,44843099,A,8,31,EIF3J
2,131414272,A,8,31,POTEJ
5,16694606,C,8,31,MYO10
9,34257623,A,8,31,KIF24
9,42408210,A,8,31,NA
1,248512384,A,8,30,OR14C36
1,981861,C,8,30,AGRN
13,33344580,A,9,30,PDS5B
13,79918807,A,9,30,RBM26
17,33749493,A,8,30,SLFN12
17,40370236,C,8,30,STAT5B
17,7798765,C,7,30,CHD3
19,33167776,C,8,30,RGS9BP
2,27717517,C,8,30,FNDC4
20,58467047,A,9,30,SYCP2
4,142143532,A,8,30,ZNF330
8,74507471,A,8,30,STAU2
9,135946988,C,8,30,CEL
9,67966645,A,8,30,NA
1,150530506,C,8,29,ADAMTSL4
10,13696452,C,7,29,NA
11,62598585,C,8,29,STX5
12,123794283,A,8,29,SBNO1
12,49374348,C,7,29,WNT1
13,77581683,A,9,29,FBXL3
17,42756253,A,9,29,MEIOC
18,29453418,A,8,29,TRAPPC8
4,164428219,A,8,29,TMA16
6,33263965,C,8,29,PFDN6
8,24167473,A,8,29,ADAM28
9,35043650,C,6,29,SPATA31G1
1,43850143,A,9,28,MED8
11,74336609,A,9,28,POLD3
16,88504203,C,8,28,ZNF469
2,234638283,A,8,28,UGT1A1
3,53889347,A,8,28,IL17RB
4,15067858,A,7,28,CPEB2
5,121356130,A,8,28,SRFBP1
7,91603085,A,8,28,AKAP9
9,131591120,A,9,28,SPOUT1
11,124845049,A,8,27,CCDC15
11,380921,C,7,27,B4GALNT4
14,35585935,A,9,27,PPP2R3C
16,54967131,C,8,27,IRX5
17,35300395,C,7,27,NA
2,120979531,C,8,27,TMEM185B
2,131221560,A,8,27,POTEI
2,220494111,C,7,27,SLC4A3
2,54093345,A,8,27,PSME4
2,74763924,C,8,27,LOXL3
2,99778781,A,8,27,NA
20,25422397,A,9,27,GINS1
7,150069439,C,8,27,REPIN1
9,135946658,C,8,27,CEL
1,115469134,A,9,26,SYCP1
11,63313709,A,8,26,PLAAT4
13,103386924,A,9,26,CCDC168
14,60903565,A,8,26,C14orf39
15,55631503,A,8,26,PIGB
19,643528,C,8,26,FGF22
2,201683505,A,8,26,BZW1
2,204305619,C,8,26,ABI2
2,71191573,C,7,26,ATP6V1B1
20,62193251,C,8,26,HELZ2
22,20130522,C,6,26,ZDHHC8
7,102584993,A,8,26,FBXL13
7,87074282,A,9,26,ABCB4
8,113241029,A,7,26,CSMD3
9,125861042,A,8,26,RABGAP1
9,138715800,A,9,26,CAMSAP1
1,151318741,C,7,25,RFX5
1,204924033,C,6,25,NFASC
1,237969494,A,9,25,RYR2
11,93486914,A,8,25,TAF1D
12,57860075,C,7,25,GLI1
13,23914687,A,8,25,SACS
14,75514604,A,9,25,MLH3
17,57247171,A,9,25,PRR11
19,18887993,C,8,25,CRTC1
2,175213713,A,9,25,CIR1
2,186659894,A,8,25,FSIP2
22,18300932,C,7,25,MICAL3
3,42679036,C,8,25,NKTR
11,119213688,C,7,24,NA
12,40713870,A,8,24,LRRK2
12,58025103,C,8,24,B4GALNT1
15,23890894,C,7,24,MAGEL2
17,55028118,A,8,24,COIL
18,21745097,A,8,24,OSBPL1A
2,227661664,C,8,24,IRS1
2,37414553,A,8,24,SULT6B1
20,30789952,C,7,24,PLAGL2
20,57766220,C,8,24,ZNF831
22,32794006,A,7,24,RTCB
3,1371501,A,8,24,CNTN6
5,60822215,A,8,24,ZSWIM6
8,11162509,A,8,24,MTMR9
1,100588802,A,8,23,SASS6
1,154938890,C,8,23,SHC1
1,156642804,C,7,23,NES
1,207642044,C,7,23,CR2
11,16822525,A,8,23,PLEKHA7
11,64004663,A,8,23,VEGFB
11,94230059,A,9,23,ANKRD49
13,109661386,A,8,23,MYO16
14,23745310,A,8,23,NA
17,63532585,C,7,23,AXIN2
19,50333113,C,7,23,MED25
2,132021078,A,8,23,PLEKHB2
22,31487799,C,8,23,SMTN
22,51159933,C,8,23,NA
3,154032978,A,9,23,DHX36
3,57276921,A,8,23,APPL1
4,169317264,A,8,23,DDX60L
4,2661593,C,7,23,FAM193A
6,46660415,A,9,23,TDRD6
7,150698398,C,7,23,NOS3
8,95531563,A,8,23,VIRMA
9,109689491,C,8,23,ZNF462
9,90321802,C,7,23,DAPK1
10,52005194,A,8,22,ASAH2
10,81072446,C,7,22,ZMIZ1
11,1000475,C,7,22,AP2A2
12,98921672,A,8,22,TMPO
13,20041394,A,8,22,TPTE2
13,31480852,C,7,22,MEDAG
14,101004530,C,8,22,BEGAIN
15,81271633,A,8,22,MESD
16,28996227,C,8,22,LAT
16,84213651,C,8,22,TAF1C
2,103149137,A,8,22,SLC9A4
20,37146233,C,7,22,RALGAPB
3,44285883,A,9,22,TOPAZ1
4,15995680,A,8,22,PROM1
9,134007993,A,8,22,NUP214
9,135946691,C,8,22,CEL
9,135946955,C,8,22,CEL
1,179528881,A,8,21,NPHS2
1,237024474,A,8,21,MTR
11,108044069,A,7,21,NPAT
11,34910341,A,8,21,APIP
11,47196853,A,7,21,ARFGAP2
11,61539013,C,8,21,MYRF
11,64457919,C,8,21,NRXN2
11,89444611,A,9,21,TRIM77
12,42499816,A,7,21,GXYLT1
12,57603940,C,8,21,LRP1
2,241808308,C,8,21,AGXT
2,97749725,C,7,21,FAHD2B
22,31485922,C,6,21,SMTN
4,1980559,C,8,21,NSD2
5,130815369,A,9,21,RAPGEF6
5,72264329,A,7,21,FCHO2
5,76358967,A,8,21,AGGF1
7,44120414,C,7,21,POLM
8,100990178,A,9,21,RGS22
8,67488453,A,8,21,MYBL1
1,230798959,A,8,20,COG2
10,124895627,C,8,20,HMX3
10,17363321,A,8,20,ST8SIA6
12,122252192,C,8,20,SETD1B
13,35733663,A,8,20,NBEA
15,22369024,C,7,20,OR4M2B
16,19722724,A,8,20,KNOP1
17,73498973,C,8,20,CASKIN2
18,3452216,C,7,20,TGIF1
18,46474795,C,8,20,SMAD7
19,19136394,A,8,20,SUGP2
19,464141,C,8,20,CIMAP1D
19,52888438,A,7,20,ZNF880
2,203848308,A,8,20,WDR12
2,207174869,A,8,20,ZDBF2
2,231159025,A,8,20,SP140
2,38178783,A,8,20,RMDN2
2,55176077,A,8,20,EML6
2,86831015,A,8,20,CHMP3
3,15084406,A,8,20,NR2C2
3,67411173,A,8,20,SUCLG2
5,140502487,A,9,20,PCDHB4
5,57753012,A,8,20,PLK2
6,29068729,A,8,20,OR2J1
6,31323363,C,6,20,HLA-B
6,88144700,A,8,20,CFAP206
7,2968323,C,7,20,CARD11
7,94174999,A,8,20,CASD1
9,35091693,C,7,20,PIGO
1,113471890,C,7,19,SLC16A1
1,154530929,C,8,19,UBE2Q1
1,40756543,A,9,19,ZMPSTE24
10,63958149,A,9,19,RTKN2
11,129752496,A,8,19,NFRKB
12,130184705,C,7,19,TMEM132D
12,55759192,A,8,19,OR6C75
14,55818555,A,8,19,FBXO34
16,29821006,C,8,19,MAZ
16,50745399,C,7,19,NOD2
17,59560345,C,7,19,TBX4
17,67125767,A,8,19,ABCA6
17,80615786,C,8,19,RAB40B
19,12430217,A,8,19,ZNF563
19,49218106,C,8,19,MAMSTR
2,186662103,A,8,19,FSIP2
3,113380090,A,9,19,USF3
3,160143940,A,8,19,NA
4,25849258,A,7,19,SEL1L3
4,53610789,A,8,19,ERVMER34-1
4,76489680,A,8,19,ODAPH
5,131944382,A,8,19,RAD50
5,96315249,A,8,19,LNPEP
6,146275964,A,8,19,SHPRH
7,100285170,C,8,19,GIGYF1
7,91936914,A,8,19,ANKIB1
8,27634577,A,9,19,ESCO2
9,125437936,A,8,19,OR1L3
1,100889837,C,7,18,CDC14A
1,156694023,C,8,18,ISG20L2
1,156761536,C,8,18,PRCC
1,200378559,C,8,18,ZNF281
12,102108338,A,8,18,CHPT1
13,103524612,A,9,18,NA
13,46543661,A,8,18,ZC3H13
14,74967607,C,7,18,LTBP2
14,94088050,A,8,18,UNC79
16,677580,C,8,18,RAB40C
18,10741064,A,8,18,PIEZO2
19,38028415,A,8,18,ZNF793
2,152320541,A,8,18,RIF1
2,160604680,A,8,18,MARCHF7
2,240954221,C,7,18,NDUFA10
20,57769140,C,8,18,ZNF831
21,33949091,C,7,18,TCP10L
22,43213780,A,8,18,ARFGAP3
22,46931227,C,6,18,CELSR1
3,169998128,A,8,18,PRKCI
3,33602361,A,8,18,CLASP2
3,42679486,A,8,18,NKTR
4,107156505,A,8,18,TBCK
5,179149920,A,8,18,CANX
6,84634231,A,8,18,CYB5R4
7,154782740,A,8,18,PAXIP1
8,133150233,A,9,18,KCNQ3
8,68128856,C,7,18,ARFGEF1
9,32633584,A,8,18,TAF1L
1,168054869,C,6,17,GPR161
1,25775375,A,8,17,MACO1
1,55081757,C,7,17,ACOT11
1,68171151,A,7,17,GNG12
10,124758127,A,8,17,IKZF5
10,33018277,A,8,17,NA
10,91203598,A,8,17,SLC16A12
11,32997895,A,8,17,QSER1
12,12814274,A,8,17,GPR19
12,31448178,A,9,17,SINHCAF
12,57883053,A,9,17,MARS1
14,59992100,A,8,17,CCDC175
14,89878534,C,7,17,FOXN3
15,40648358,C,7,17,PHGR1
16,67645339,A,7,17,CTCF
17,19232950,A,8,17,EPN2
17,56448298,C,6,17,RNF43
17,79803764,A,8,17,P4HB
2,148657041,A,8,17,ACVR2A
2,196544942,A,8,17,SLC39A10
2,43452623,C,6,17,THADA
22,20130515,C,7,17,ZDHHC8
22,33255324,C,7,17,SYN3
22,50898756,C,7,17,SBF1
3,126220106,A,8,17,UROC1
3,58089788,C,7,17,FLNB
3,99568273,A,8,17,CMSS1
4,123302211,A,8,17,ADAD1
4,42153897,C,7,17,BEND4
5,137803132,C,7,17,EGR1
5,37226878,A,8,17,CPLANE1
6,15496722,C,7,17,JARID2
6,161469776,A,8,17,MAP3K4
6,30157254,A,8,17,TRIM26
7,1037311,C,7,17,C7orf50
7,27222462,A,9,17,HOXA11
7,6196443,A,8,17,USP42
8,30703516,A,7,17,TEX15
8,39068767,A,8,17,ADAM32
8,77765320,C,8,17,ZFHX4
9,135946889,C,8,17,CEL
9,6012690,A,8,17,RANBP6
1,110300580,A,8,16,GSTM5
1,156715104,A,8,16,HDGF
1,57192199,A,8,16,FYB2
1,85331665,A,9,16,LPAR3
1,89613322,C,7,16,GBP2
10,27702951,C,7,16,NA
11,111904183,A,8,16,DLAT
11,121475905,A,7,16,SORL1
11,30033563,A,7,16,KCNA4
11,30352754,A,8,16,ARL14EP
11,55861308,A,8,16,OR8I2
12,107937778,C,6,16,ABTB3
12,111311659,A,9,16,CCDC63
12,88449444,A,8,16,CEP290
14,102718303,A,9,16,MOK
14,72054755,C,7,16,SIPA1L1
14,93761193,A,8,16,BTBD7
15,40648424,C,7,16,PHGR1
15,55912892,A,8,16,PRTG
17,38552642,A,7,16,TOP2A
17,58740624,A,7,16,PPM1D
18,45567076,C,7,16,ZBTB7C
19,12384448,A,7,16,ZNF44
19,19906351,A,7,16,ZNF506
2,196866535,A,8,16,DNAH7
2,209025577,C,7,16,CRYGA
2,220348876,C,7,16,SPEG
2,84752796,A,8,16,DNAH6
2,96078466,C,7,16,FAHD2A
2,96696530,C,7,16,GPAT2
21,38512963,A,8,16,TTC3
3,133670083,A,8,16,SLCO2A1
3,50099450,A,8,16,RBM6
4,160271311,A,8,16,RAPGEF2
4,38691476,C,7,16,KLF3
5,41181560,C,7,16,C6
5,61847115,A,8,16,IPO11
5,68492902,A,8,16,CENPH
6,132022010,A,7,16,ENPP3
6,13620992,A,8,16,NOL7
6,25921520,A,8,16,SLC17A2
6,31504446,A,8,16,DDX39B
6,87969484,A,9,16,ZNF292
7,158704353,A,8,16,DYNC2I1
7,29070262,A,8,16,CPVL
7,33014804,C,7,16,AVL9
7,47955186,A,8,16,HUS1
1,103474067,C,7,15,COL11A1
1,147092681,C,7,15,BCL9
1,156354348,C,8,15,RHBG
1,177927333,C,7,15,SEC16B
1,27876869,A,7,15,AHDC1
1,36935323,C,7,15,CSF3R
1,67390426,A,7,15,DNAI4
10,129913974,A,8,15,MKI67
10,89720812,A,6,15,PTEN
11,111896977,A,8,15,DLAT
11,125505378,A,9,15,CHEK1
12,10958846,A,8,15,TAS2R8
12,11139432,A,9,15,PRR4
12,121432118,C,8,15,HNF1A
12,122748169,A,8,15,NA
12,27950769,C,7,15,KLHL42
12,29450110,A,8,15,FAR2
12,54645832,A,8,15,CBX5
12,56559113,C,8,15,SMARCC2
12,75893593,A,8,15,GLIPR1
13,20657094,A,8,15,ZMYM2
14,35331423,A,8,15,BAZ1A
14,62242911,A,7,15,SNAPC1
15,62244050,A,8,15,VPS13C
17,28505167,A,8,15,NSRP1
17,36735022,C,7,15,NA
17,61781804,C,6,15,STRADA
17,909374,C,7,15,ABR
19,36210764,C,7,15,KMT2B
19,4816465,C,7,15,TICAM1
19,48994758,C,8,15,LMTK3
19,5679654,C,7,15,RPL36
2,114239761,A,6,15,ZNG1B
2,130832863,C,6,15,POTEF
2,131221435,C,6,15,POTEI
2,201437004,A,9,15,SGO2
2,207460861,C,7,15,ADAM23
2,225738848,A,8,15,DOCK10
2,29294162,C,6,15,PCARE
2,54609071,A,7,15,C2orf73
20,23729754,C,7,15,CST1
20,47989891,C,7,15,KCNB1
21,31661780,A,8,15,KRTAP25-1
4,38774956,A,8,15,TLR10
4,39462464,A,8,15,LIAS
5,102537309,A,8,15,PPIP5K2
5,109940905,A,7,15,TMEM232
5,137627690,A,8,15,CDC25C
5,140857742,A,8,15,PCDHGA1
6,111498763,A,8,15,SLC16A10
6,30572795,A,9,15,PPP1R10
6,33178990,C,7,15,RING1
7,100855927,C,7,15,PLOD3
7,107395909,A,7,15,CBLL1
7,143956190,A,7,15,ARHGEF35
7,150656679,C,7,15,KCNH2
7,1527075,C,7,15,INTS1
7,31378635,A,8,15,NEUROD6
8,145999670,A,8,15,ZNF34
8,24257686,A,8,15,ADAMDEC1
8,6378798,A,9,15,MCPH1
9,131019390,A,8,15,GOLGA2
9,137019598,C,7,15,WDR5
1,1168240,C,7,14,B3GALT6
1,154942911,C,7,14,SHC1
1,218609371,A,8,14,TGFB2
1,247319909,A,7,14,ZNF124
1,46494559,A,7,14,MAST2
1,49201967,A,9,14,AGBL4
1,59812017,C,7,14,FGGY
1,65306997,A,8,14,JAK1
1,93599280,A,8,14,MTF2
10,102587324,C,6,14,PAX2
10,103901077,C,8,14,PPRC1
10,13151192,C,7,14,OPTN
10,93247481,A,8,14,HECTD2
11,30032940,C,6,14,KCNA4
11,45948373,C,7,14,LARGE2
11,45955607,C,7,14,PHF21A
11,47594883,C,7,14,NDUFS3
11,6292451,A,8,14,CCKBR
11,970195,A,8,14,AP2A2
12,104476535,A,8,14,HCFC2
12,110344435,A,8,14,TCHP
12,6924043,C,7,14,CD4
12,72038781,A,6,14,ZFC3H1
14,21558707,C,7,14,ZNF219
14,27066542,C,7,14,NOVA1
14,32562675,A,6,14,ARHGAP5
14,39716860,A,8,14,NA
14,60031843,A,8,14,CCDC175
14,88940113,A,8,14,PTPN21
14,95662949,A,8,14,CLMN
16,31151942,C,7,14,PRSS36
17,21731034,C,7,14,NA
17,21731489,C,7,14,NA
17,46128959,C,7,14,NFE2L1
18,31325915,C,8,14,ASXL3
19,1434836,C,7,14,DAZAP1
19,33703794,C,7,14,SLC7A10
2,206166298,A,7,14,PARD3B
2,24086326,A,7,14,ATAD2B
2,43452512,C,6,14,THADA
2,71650549,A,8,14,ZNF638
20,23066469,C,7,14,CD93
20,3215425,A,7,14,SLC4A11
20,39990829,C,7,14,EMILIN3
20,45875072,A,8,14,ZMYND8
20,56227349,C,7,14,PMEPA1
22,16449488,A,8,14,OR11H1
22,41257115,A,8,14,XPNPEP3
22,42564716,C,7,14,TCF20
3,121573659,A,8,14,EAF2
3,7621013,A,8,14,GRM7
5,131007941,A,8,14,NA
5,133473765,C,7,14,TCF7
5,137505021,C,7,14,BRD8
6,127767596,C,7,14,NA
6,80751910,A,7,14,TTK
7,11022426,A,7,14,PHF14
7,141170468,C,7,14,TMEM178B
8,145150876,C,7,14,CYC1
8,6289099,A,9,14,MCPH1
8,70488249,C,7,14,SULF1
9,135277388,A,8,14,TTF1
9,138379043,C,6,14,PPP1R26
9,37357250,A,9,14,ZCCHC7
1,10177642,A,8,13,UBE4B
1,109276138,A,8,13,FNDC7
1,115527421,A,8,13,SYCP1
1,155448996,A,7,13,ASH1L
1,16462199,C,6,13,EPHA2
1,180064806,A,7,13,CEP350
1,91406040,A,9,13,ZNF644
10,94243045,A,8,13,IDE
10,95441330,A,8,13,FRA10AC1
11,35513670,C,7,13,PAMR1
11,47282887,C,7,13,NR1H3
11,6629392,C,6,13,ILK
12,112600860,C,7,13,HECTD4
12,117703230,C,7,13,NOS1
12,20522723,C,7,13,PDE3A
12,42706971,A,8,13,PPHLN1
12,57921401,C,7,13,MBD6
13,84455509,A,7,13,SLITRK1
14,47530771,A,7,13,MDGA2
14,50930796,A,8,13,MAP4K5
14,54896992,A,7,13,CNIH1
14,75230947,C,7,13,YLPM1
15,43641115,A,8,13,ADAL
15,53908071,A,7,13,WDR72
15,72190580,A,8,13,MYO9A
15,83935798,C,7,13,BNC1
15,86807693,A,8,13,NA
16,14346300,C,7,13,MRTFB
17,4575894,C,7,13,PELP1
17,46688090,C,8,13,HOXB7
17,77768648,C,8,13,CBX8
19,1434830,C,6,13,DAZAP1
19,20044270,A,8,13,ZNF93
19,36223002,C,6,13,KMT2B
19,38102620,A,7,13,ZNF540
19,38379433,A,8,13,WDR87
19,48049094,C,7,13,ZNF541
19,50098808,C,8,13,PRR12
19,58385954,A,8,13,ZNF814
2,132021205,C,6,13,PLEKHB2
2,149447829,A,8,13,EPC2
2,219508084,C,7,13,ZNF142
2,242795104,C,7,13,PDCD1
2,55138130,A,8,13,EML6
20,17581680,A,8,13,DSTN
21,41514615,C,7,13,DSCAM
3,194147850,A,8,13,ATP13A3
3,63981832,C,7,13,ATXN7
4,140291445,A,8,13,NAA15
4,170428203,A,8,13,NEK1
4,170613460,A,7,13,CLCN3
4,39206804,A,8,13,WDR19
5,132534817,C,7,13,FSTL4
5,14487781,C,7,13,TRIO
6,29694803,A,8,13,HLA-F
6,31612923,C,8,13,BAG6
6,34839369,C,7,13,BLTP3A
6,42832627,A,7,13,BICRAL
6,71235776,A,8,13,FAM135A
6,76599858,A,9,13,MYO6
6,99849343,A,7,13,PNISR
7,6621849,A,8,13,ZDHHC4
8,145773375,C,7,13,ARHGAP39
8,48701555,A,8,13,PRKDC
8,68992721,A,8,13,PREX2
1,204438072,C,7,12,PIK3C2B
1,230839055,A,8,12,AGT
1,26510311,C,7,12,CNKSR1
1,3410404,C,7,12,MEGF6
1,52991780,A,8,12,TUT4
10,123844356,C,7,12,TACC2
10,98292921,A,7,12,TM9SF3
11,119061043,C,7,12,CCDC153
11,44286624,C,6,12,ALX4
11,58958609,A,7,12,DTX4
11,58962827,C,7,12,DTX4
11,608263,C,7,12,PHRF1
11,62749334,A,7,12,SLC22A6
11,64572093,C,7,12,MEN1
11,6662142,C,7,12,DCHS1
11,94730807,A,8,12,KDM4D
12,4719362,A,7,12,DYRK4
12,57921002,C,7,12,MBD6
12,6657974,C,7,12,IFFO1
12,6711546,A,7,12,CHD4
12,80201042,A,8,12,PPP1R12A
14,104643204,C,7,12,KIF26A
14,29261305,A,8,12,NA
14,60448620,A,8,12,LRRC9
15,23811405,C,7,12,MKRN3
15,41029894,A,9,12,RMDN3
15,42021442,A,7,12,MGA
15,44907750,A,7,12,SPG11
15,59186129,A,8,12,RNF111
16,11001305,C,7,12,CIITA
16,1536186,C,7,12,PTX4
16,54319087,C,7,12,IRX3
16,67201666,C,7,12,HSF4
16,709106,C,7,12,WDR90
17,17250190,C,7,12,NT5M
17,40362447,A,7,12,STAT5B
17,41610701,C,7,12,DHX8
17,5074002,C,7,12,USP6
17,73491063,C,7,12,TMEM94
18,12122493,A,8,12,ANKRD62
18,21750331,A,8,12,OSBPL1A
18,265348,A,8,12,THOC1
18,45567085,C,7,12,ZBTB7C
19,18879554,C,7,12,CRTC1
19,36357214,C,7,12,NPHS1
19,4491824,A,8,12,HDGFL2
19,46289388,C,8,12,DMWD
19,47969003,A,6,12,SLC8A2
19,54976341,C,7,12,CDC42EP5
2,169699563,A,7,12,NOSTRIN
2,190626331,A,8,12,OSGEPL1
2,196801374,A,8,12,DNAH7
2,219529514,C,7,12,RNF25
2,240002823,C,7,12,HDAC4
2,39074185,A,8,12,DHX57
2,71337212,A,8,12,MCEE
2,74687543,C,7,12,INO80B
21,33073336,C,6,12,SCAF4
21,46917559,C,7,12,COL18A1
22,38895455,C,7,12,DDX17
22,41195058,A,6,12,SLC25A17
22,42606575,A,7,12,TCF20
3,78710235,A,7,12,ROBO1
4,39515753,A,9,12,UGDH
4,81791254,A,8,12,CFAP299
5,1074698,C,7,12,SLC12A7
5,140953309,C,8,12,DIAPH1
6,116967058,A,8,12,ZUP1
6,13206135,C,7,12,PHACTR1
6,144086414,A,8,12,PHACTR2
6,36287354,A,7,12,BNIP5
6,47678561,A,7,12,ADGRF4
7,5401259,C,7,12,TNRC18
7,92760738,A,8,12,SAMD9L
8,77617547,C,7,12,ZFHX4
9,140356679,C,7,12,PNPLA7
9,140481542,C,7,12,ZMYND19
9,17135271,C,7,12,CNTLN
9,95142090,A,7,12,CENPP
1,156051590,C,8,11,MEX3A
1,158576487,C,7,11,OR10Z1
1,182908681,A,7,11,SHCBP1L
1,228559450,C,7,11,OBSCN
1,245851782,C,7,11,KIF26B
1,54870294,A,7,11,SSBP3
1,68903931,A,8,11,RPE65
10,116730192,C,7,11,TRUB1
10,127697969,A,8,11,FANK1
10,134218255,C,7,11,PWWP2B
10,89717770,A,6,11,PTEN
10,91514406,A,7,11,KIF20B
11,123777442,A,8,11,OR8D4
11,133807827,C,7,11,IGSF9B
11,375700,C,7,11,B4GALNT4
11,64032517,C,6,11,PLCB3
11,77911710,C,7,11,USP35
11,94189473,A,7,11,MRE11
12,112623046,C,7,11,HECTD4
12,11338799,A,8,11,TAS2R42
12,119617377,C,7,11,HSPB8
12,125396267,C,7,11,UBC
12,131283100,A,7,11,STX2
12,19514518,A,8,11,PLEKHA5
12,54971060,C,7,11,PDE1B
12,7173239,A,7,11,C1S
12,7242010,C,6,11,C1R
12,88566417,A,8,11,TMTC3
12,96641029,C,7,11,ELK3
13,108518338,C,7,11,NALF1
13,32907421,A,8,11,BRCA2
13,45008838,C,7,11,TSC22D1
14,102445788,A,7,11,DYNC1H1
14,20389294,A,7,11,OR4K5
14,20852647,C,7,11,TEP1
14,53250196,A,7,11,GNPNAT1
14,75514338,A,8,11,MLH3
15,43621332,A,7,11,LCMT2
15,65994675,A,7,11,DENND4A
15,85400267,A,7,11,ALPK3
15,91019925,A,8,11,IQGAP1
15,93545434,A,9,11,CHD2
16,15131990,A,7,11,PDXDC1
16,19725891,A,7,11,KNOP1
16,29818054,C,8,11,MAZ
16,4384871,C,7,11,GLIS2
16,4944500,C,7,11,PPL
17,33289332,A,7,11,CCT6B
17,33310486,A,8,11,LIG3
17,38546381,A,7,11,TOP2A
17,39975559,C,7,11,FKBP10
17,44248731,C,6,11,KANSL1
17,6945482,C,7,11,SLC16A11
17,77808751,C,7,11,CBX4
18,14851888,A,6,11,ANKRD30B
18,51750459,C,7,11,MBD2
18,8793004,C,7,11,MTCL1
19,12155504,A,7,11,NA
19,12461741,A,7,11,ZNF442
19,13882968,C,6,11,MRI1
19,14910414,A,7,11,OR7A5
19,16275654,C,8,11,CIB3
19,36211899,C,7,11,KMT2B
19,42838298,C,7,11,MEGF8
19,46393972,C,8,11,MYPOP
19,50434211,C,6,11,NA
19,5590343,C,7,11,SAFB2
19,9362217,A,7,11,OR7E24
2,1652960,C,7,11,PXDN
2,169948389,A,8,11,DHRS9
2,197649614,A,9,11,GTF3C3
2,20200211,A,7,11,MATN3
2,203054933,A,9,11,KIAA2012
2,219449364,A,7,11,CNOT9
2,226447072,C,7,11,NYAP2
2,26534413,C,7,11,ADGRF3
2,61633020,A,8,11,USP34
2,9528643,C,7,11,ASAP2
20,3128001,C,7,11,UBOX5
21,47663397,C,7,11,MCM3AP
3,142030643,A,7,11,XRN1
3,15455535,A,7,11,METTL6
3,192517004,A,7,11,MB21D2
3,48465485,C,6,11,PLXNB1
3,51431353,C,7,11,NA
4,122723894,A,8,11,EXOSC9
4,153244156,C,6,11,FBXW7
4,184166576,A,7,11,WWC2
4,2242634,A,8,11,POLN
4,3133117,A,6,11,HTT
5,169677853,A,7,11,C5orf58
5,178418555,C,7,11,GRM6
5,41004528,A,8,11,MROH2B
6,144081696,A,8,11,PHACTR2
6,146350672,A,8,11,GRM1
6,158900957,C,7,11,TULP4
6,31106501,C,7,11,PSORS1C1
6,4031881,A,8,11,PRPF4B
6,80720630,A,7,11,TTK
7,104746985,A,7,11,KMT2E
7,126173278,C,7,11,GRM8
7,144096190,C,7,11,NOBOX
8,37728933,A,8,11,RAB11FIP1
8,92352747,A,6,11,SLC26A7
9,106885501,A,7,11,SMC2
9,139995548,C,7,11,MAN1B1
9,33385690,C,7,11,AQP7
9,35108148,C,7,11,ATOSB
1,155152179,C,7,10,NA
1,156255498,C,7,10,TMEM79
1,169790867,A,7,10,FIRRM
1,214178556,A,7,10,PROX1
1,226026384,C,7,10,EPHX1
1,24718090,A,8,10,STPG1
1,62253580,C,7,10,PATJ
10,118628184,A,7,10,ENO4
10,29169288,A,7,10,NA
11,10328154,C,7,10,ADM
11,134048586,C,7,10,NCAPD3
11,17794004,A,8,10,KCNC1
11,1780830,C,7,10,CTSD
11,24936024,A,8,10,LUZP2
11,64375286,C,7,10,NRXN2
11,69063724,C,7,10,MYEOV
11,8752619,C,6,10,DENND2B
11,95555113,A,8,10,CEP57
12,103695960,C,7,10,C12orf42
12,117615412,A,8,10,FBXO21
12,122720397,C,6,10,NA
12,123351785,C,7,10,VPS37B
12,18841025,A,8,10,PLCZ1
12,21028267,A,8,10,SLCO1B3
12,26640046,A,7,10,ITPR2
12,39713784,A,9,10,KIF21A
12,4653063,A,7,10,RAD51AP1
12,56347514,C,7,10,DGKA
12,63541343,A,6,10,AVPR1A
12,77449827,A,8,10,E2F7
14,55817461,A,6,10,FBXO34
14,64989362,A,8,10,ZBTB1
15,59376343,C,6,10,RNF111
15,75499804,C,7,10,C15orf39
16,1270496,C,7,10,CACNA1H
16,30041821,C,7,10,TLCD3B
16,31072706,C,7,10,ZNF668
16,50667135,C,7,10,NKD1
16,67325658,C,7,10,KCTD19
16,70952162,A,8,10,HYDIN
16,89349641,A,8,10,ANKRD11
17,26449740,A,7,10,NLK
17,40328259,C,7,10,KCNH4
17,46622002,C,7,10,HOXB2
17,54921519,A,7,10,DGKE
19,1430254,C,7,10,DAZAP1
19,21992087,A,8,10,ZNF43
19,41132911,C,7,10,LTBP4
19,50363527,C,7,10,PTOV1
19,56090899,C,7,10,ZNF579
19,56113646,C,7,10,ZNF524
19,7987519,C,7,10,SNAPC2
2,10059788,A,8,10,TAF1B
2,131414399,C,6,10,POTEJ
2,170493804,A,7,10,PPIG
2,173368931,A,8,10,ITGA6
2,202151290,A,7,10,CASP8
2,219892999,C,6,10,CFAP65
2,74329152,C,7,10,TET3
2,97637864,C,6,10,FAM178B
20,17581489,A,6,10,DSTN
20,36627613,C,6,10,TTI1
20,43881731,C,7,10,SLPI
21,45786736,C,7,10,TRPM2
22,38130773,C,7,10,NA
3,108682419,A,9,10,MORC1
3,142122607,A,8,10,XRN1
3,14513785,A,8,10,SLC6A6
3,169700664,A,9,10,SEC62
3,182602674,A,8,10,ATP11B
3,32571050,A,8,10,DYNC1LI1
3,37367468,A,8,10,GOLGA4
3,48612871,C,7,10,COL7A1
3,93761883,A,8,10,ARL13B
4,129869675,A,8,10,SCLT1
4,186515044,C,7,10,SORBS2
4,39310612,A,7,10,RFC1
5,140474590,A,8,10,PCDHB2
5,171517345,A,7,10,STK10
5,180432665,C,7,10,BTNL3
5,31799657,C,7,10,PDZD2
5,98206409,A,7,10,CHD1
6,15496636,C,7,10,JARID2
6,29141422,A,8,10,OR2J2
6,31127312,C,7,10,TCF19
6,31617055,C,7,10,BAG6
6,52334208,A,7,10,EFHC1
6,90415853,A,7,10,MDN1
6,96999786,A,7,10,UFL1
7,143880766,A,7,10,NA
7,20371450,A,7,10,ITGB8
7,42005573,C,6,10,GLI3
7,50531075,A,7,10,DDC
8,141554345,C,7,10,AGO2
8,144621235,C,7,10,ZC3H3
8,25257429,A,7,10,DOCK5
8,55538813,A,7,10,RP1
9,115941002,A,7,10,FKBP15
9,131013112,C,8,10,DNM1
9,132687243,A,8,10,FNBP1
9,135946724,C,8,10,CEL
9,79984308,A,7,10,VPS13A
1,1269091,C,7,9,TAS1R3
1,151774033,C,7,9,LINGO4
1,153751860,C,7,9,SLC27A3
1,200822549,A,8,9,CAMSAP2
1,203667346,C,7,9,ATP2B4
1,203786225,A,9,9,ZC3H11A
1,229422305,A,8,9,RAB4A
1,32800540,C,7,9,MARCKSL1
1,35365852,C,7,9,DLGAP3
1,35578941,A,7,9,ZMYM1
1,52305912,A,8,9,NRDC
1,89206848,A,7,9,PKN2
10,131666125,C,6,9,EBF3
10,27329038,A,8,9,ANKRD26
10,75673438,C,7,9,PLAU
10,96352051,A,8,9,HELLS
11,11970052,A,6,9,USP47
11,134018468,C,7,9,JAM3
11,2609949,A,8,9,KCNQ1
11,33117910,A,7,9,TCP11L1
11,58207028,A,8,9,OR5B12
11,76867058,C,7,9,MYO7A
11,85435356,C,7,9,SYTL2
11,9308018,A,8,9,TMEM41B
11,9735070,A,8,9,SWAP70
12,112229927,C,7,9,ALDH2
12,117624320,A,8,9,FBXO21
12,122018740,A,7,9,KDM2B
12,124848228,C,7,9,NCOR2
12,57485450,C,7,9,NAB2
12,97024359,A,8,9,CFAP54
13,100925452,A,7,9,PCCA
13,70681728,C,6,9,KLHL1
14,105174185,C,7,9,INF2
14,105614481,C,7,9,JAG2
14,105693010,C,7,9,BRF1
14,21859176,A,8,9,CHD8
14,24032654,C,7,9,AP1G2
14,39746243,A,8,9,NA
14,65035126,A,7,9,PPP1R36
15,101438350,C,7,9,ALDH1A3
15,49776644,A,8,9,FAM227B
15,69331226,A,7,9,NOX5
16,28847350,C,6,9,ATXN2L
16,30409310,C,7,9,ZNF48
16,3063895,C,6,9,CLDN9
16,30939204,C,8,9,FBXL19
16,58589340,A,7,9,CNOT1
16,66599895,A,8,9,CKLF
16,68289855,C,7,9,PLA2G15
16,70698147,C,6,9,MTSS2
16,74976691,A,8,9,WDR59
16,9857380,A,7,9,GRIN2A
17,17699359,C,7,9,RAI1
17,28706683,C,6,9,CPD
17,29553478,C,7,9,NF1
17,38171995,C,6,9,CSF3
17,38600104,C,7,9,IGFBP4
17,40825491,C,6,9,PLEKHH3
17,44435714,A,8,9,ARL17B
17,67218780,A,7,9,ABCA10
18,12370885,A,7,9,AFG3L2
18,19154750,A,7,9,ESCO1
18,21739921,A,7,9,CABYR
18,43459143,A,7,9,EPG5
19,16314384,C,7,9,AP1M1
19,17081703,C,7,9,CPAMD8
19,20002392,A,7,9,ZNF253
19,20228702,A,7,9,ZNF90
19,20988745,A,7,9,ZNF66
19,22846646,A,8,9,ZNF492
19,35757845,C,7,9,LSR
19,37210375,A,8,9,ZNF567
19,45996513,C,7,9,RTN2
19,46272054,C,7,9,SIX5
19,46283130,C,7,9,DMPK
19,48789818,A,7,9,ZNF114
19,50826330,C,7,9,KCNC3
19,55993278,C,7,9,ZNF628
19,58084579,A,7,9,ZNF416
2,110926098,A,8,9,NPHP1
2,1652984,C,7,9,PXDN
2,168099958,C,7,9,XIRP2
2,191161629,A,8,9,HIBCH
2,201436992,A,7,9,SGO2
2,202974397,A,8,9,KIAA2012
2,210561667,A,7,9,MAP2
2,210887680,A,8,9,KANSL1L
2,220081103,C,6,9,ABCB6
2,234879010,C,7,9,TRPM8
2,42488302,A,8,9,EML4
2,45169458,C,7,9,SIX3
2,71839797,C,7,9,DYSF
2,99976805,A,8,9,EIF5B
20,50400983,C,7,9,SALL4
21,37605286,A,7,9,DOP1B
21,39755554,C,6,9,ERG
22,21799659,C,7,9,HIC2
22,46793728,C,7,9,CELSR1
3,110863855,A,8,9,NECTIN3
3,112005610,A,8,9,SLC9C1
3,126735391,C,6,9,PLXNA1
3,149192718,A,7,9,TM4SF4
3,25647591,A,7,9,TOP2B
3,62860474,C,6,9,CADPS
4,110756541,A,8,9,RRH
4,129924995,A,8,9,SCLT1
4,134071649,C,7,9,PCDH10
4,156273869,A,7,9,MAP9
4,170359358,A,8,9,NEK1
4,40144449,A,8,9,N4BP2
5,125939712,A,7,9,PHAX
5,146754725,A,8,9,STK32A
5,149206386,C,6,9,PPARGC1B
5,32089076,A,7,9,PDZD2
6,116836954,A,7,9,TRAPPC3L
6,131919846,A,8,9,MED23
6,158049440,A,7,9,ZDHHC14
6,30610619,C,7,9,ATAT1
6,53519759,A,7,9,KLHL31
7,102760123,A,8,9,NAPEPLD
7,105148864,A,7,9,PUS7
7,107763584,A,7,9,LAMB4
7,142561448,C,7,9,EPHB6
7,151046320,A,7,9,NUB1
7,23224773,C,7,9,NA
7,23775341,A,8,9,STK31
7,38810820,A,7,9,VPS41
7,51287562,C,7,9,COBL
8,124707762,A,8,9,ANXA13
8,145065457,C,7,9,PARP10
8,22472975,C,7,9,CCAR2
8,48746799,A,7,9,PRKDC
8,53062482,A,8,9,ST18
8,72958792,A,7,9,NA
9,103111633,A,7,9,TEX10
9,116171195,A,7,9,POLE3
9,90582463,C,7,9,CDK20
9,98211549,C,6,9,PTCH1
1,100584676,A,8,8,SASS6
1,10511575,C,7,8,CENPS
1,111959047,C,7,8,OVGP1
1,207734101,C,6,8,CR1
1,214818826,A,8,8,CENPF
1,215747171,A,8,8,KCTD3
1,233388513,A,7,8,PCNX2
1,46752129,A,7,8,LRRC41
1,78444659,C,6,8,FUBP1
1,8716109,A,8,8,RERE
1,93169000,A,6,8,EVI5
10,116887435,A,7,8,ATRNL1
10,61823946,A,7,8,ANK3
10,90768708,A,7,8,FAS
11,104874011,A,8,8,CASP5
11,108216477,A,7,8,ATM
11,110104137,C,7,8,RDX
11,118344186,C,7,8,KMT2A
11,119216273,C,7,8,NA
11,124739423,C,7,8,ROBO3
11,47689211,A,8,8,AGBL2
11,49179535,A,7,8,FOLH1
11,71948209,C,7,8,INPPL1
11,71948748,C,7,8,INPPL1
12,113442830,A,7,8,OAS2
12,117977605,C,7,8,KSR2
12,14019044,C,7,8,GRIN2B
12,19410381,A,7,8,PLEKHA5
12,64377821,A,7,8,SRGAP1
12,85450035,A,7,8,LRRIQ1
12,99071207,A,8,8,APAF1
13,32913837,A,7,8,BRCA2
13,32954023,A,8,8,BRCA2
13,50057691,A,7,8,SETDB2
14,20846338,C,7,8,TEP1
14,23993381,C,7,8,ZFHX2
14,92624055,A,7,8,CPSF2
15,44905698,A,8,8,SPG11
15,45724279,A,9,8,C15orf48
15,49309051,A,8,8,SECISBP2L
15,57489984,A,7,8,TCF12
15,63986203,A,8,8,HERC1
15,66030119,A,7,8,DENND4A
15,75942736,C,7,8,SNX33
16,24582804,A,7,8,RBBP6
16,27509009,A,7,8,GTF3C1
16,66611100,C,7,8,NA
16,72822586,C,7,8,ZFHX3
16,88504852,C,7,8,ZNF469
17,1028559,C,7,8,ABR
17,18181545,C,7,8,TOP3A
17,28296061,A,8,8,EFCAB5
17,41245587,A,8,8,BRCA1
17,46135788,C,6,8,NFE2L1
17,74473337,C,7,8,RHBDF2
17,80400298,C,7,8,HEXD
18,13746253,A,7,8,RNMT
18,9256062,A,8,8,ANKRD12
19,10397719,A,8,8,ICAM4
19,12542364,A,7,8,NA
19,33291097,A,8,8,TDRD12
19,38378007,A,7,8,WDR87
19,40480654,C,7,8,PSMC4
19,42905973,C,6,8,LIPE
19,48537535,C,6,8,CABP5
19,49001892,C,7,8,LMTK3
19,5222731,C,7,8,PTPRS
19,53518173,C,7,8,ERVV-1
19,6430131,C,7,8,SLC25A41
19,6697481,C,7,8,C3
2,152320350,A,7,8,RIF1
2,152541344,C,6,8,NEB
2,157185029,A,7,8,NR4A2
2,16082314,C,7,8,MYCN
2,170665008,A,8,8,SSB
2,172334538,A,8,8,DCAF17
2,25966873,C,7,8,ASXL2
2,28248273,A,8,8,BABAM2
2,42991089,C,7,8,OXER1
2,55253746,A,9,8,RTN4
2,74742219,C,7,8,TLX2
2,97911571,A,7,8,ANKRD36
20,19956394,C,7,8,RIN2
20,21493013,C,7,8,NKX2-2
20,2384126,C,6,8,TGM6
20,2816204,C,7,8,PCED1A
3,126142183,C,7,8,CFAP100
3,149192694,C,7,8,TM4SF4
3,167223102,A,7,8,WDR49
3,184073510,C,6,8,EIF2B5
3,25833043,A,6,8,OXSM
3,49210244,C,7,8,KLHDC8B
3,52547908,C,7,8,STAB1
3,57232250,A,8,8,HESX1
4,122250740,A,8,8,QRFPR
4,123165029,A,8,8,BLTP1
4,160253755,A,7,8,RAPGEF2
4,169292766,A,7,8,DDX60L
4,183609359,C,7,8,TENM3
4,186544439,A,8,8,SORBS2
4,186544879,C,7,8,SORBS2
4,2698177,A,7,8,FAM193A
4,37447379,A,7,8,NWD2
4,57333820,C,7,8,SRP72
5,127610311,C,7,8,FBN2
5,133316639,A,8,8,VDAC1
5,140176838,C,7,8,PCDHA1
5,145859646,A,7,8,TCERG1
5,176738408,C,7,8,MXD3
5,43173517,A,7,8,ZNF131
5,90124781,A,7,8,ADGRV1
5,93788720,A,6,8,KIAA0825
6,132031982,A,7,8,ENPP3
6,144086746,C,7,8,PHACTR2
6,16307055,A,7,8,ATXN1
6,17788023,A,7,8,KIF13A
6,74351590,A,7,8,SLC17A5
7,100806642,C,7,8,VGF
7,102964992,A,8,8,PMPCB
7,123332485,A,7,8,WASL
7,143269080,A,7,8,CTAGE15
7,143454576,A,7,8,CTAGE6
7,143966168,A,7,8,ARHGEF35
7,77569581,A,8,8,PHTF2
7,89929188,A,8,8,CFAP69
7,92146721,A,9,8,PEX1
8,125080031,A,7,8,FER1L6
8,133826909,A,8,8,PHF20L1
8,144941378,C,6,8,NA
8,145535876,C,7,8,HSF1
8,32453511,A,7,8,NRG1
8,37699108,C,6,8,ADGRA2
8,67341501,C,6,8,RRS1
9,112900483,C,7,8,PALM2AKAP2
9,135946790,C,8,8,CEL
9,135946856,C,8,8,CEL
9,137707451,C,7,8,COL5A1
9,32633025,A,7,8,TAF1L
9,84606643,A,7,8,SPATA31D1
1,111703836,A,7,7,CEPT1
1,1271642,C,7,7,DVL1
1,1354515,C,7,7,ANKRD65
1,149884981,C,6,7,SV2A
1,153362605,A,7,7,S100A8
1,170004605,A,7,7,KIFAP3
1,206821441,A,8,7,DYRK3
1,207139177,A,6,7,FCAMR
1,207715544,C,6,7,CR1
1,215793922,A,7,7,KCTD3
1,222843548,A,7,7,AIDA
1,224001956,C,6,7,TP53BP2
1,228111954,C,7,7,WNT9A
1,230203102,C,6,7,GALNT2
1,24690711,C,6,7,GRHL3
1,35485090,A,7,7,NA
1,3688025,C,7,7,CCDC27
1,45288194,C,7,7,PTCH2
1,53543377,C,6,7,PODN
1,53930444,C,6,7,DMRTB1
1,71532487,A,7,7,ZRANB2
1,85736511,A,8,7,BCL10
1,91182377,C,7,7,BARHL2
1,94495003,C,7,7,ABCA4
10,115662308,A,7,7,NHLRC2
10,124402883,C,7,7,DMBT1
10,126715137,C,6,7,CTBP2
10,27322259,A,7,7,ANKRD26
10,32311826,A,7,7,KIF5B
10,35327850,A,8,7,CUL2
10,51884990,A,7,7,WASHC2A
10,61828580,A,7,7,ANK3
10,62149221,A,7,7,ANK3
10,75525560,C,7,7,SEC24C
10,78771741,A,7,7,KCNMA1
10,91497815,A,7,7,KIF20B
11,107965658,A,8,7,CUL5
11,1477640,C,7,7,BRSK2
11,18638501,A,7,7,SPTY2D1
11,56237709,A,7,7,OR5M3
11,77413116,A,7,7,RSF1
11,82877219,A,7,7,PCF11
12,10532376,A,8,7,KLRK1
12,124421800,C,7,7,CCDC92
12,34179308,A,7,7,ALG10
12,49445526,C,7,7,KMT2D
12,51392999,A,6,7,SLC11A2
12,55863619,A,7,7,OR6C70
12,57560723,C,7,7,LRP1
12,57572242,C,7,7,LRP1
12,70049362,C,7,7,BEST3
12,7310658,C,7,7,CLSTN3
12,78388636,A,7,7,NAV3
12,80083900,C,7,7,PAWR
13,101760070,A,7,7,NALCN
13,41705322,C,7,7,KBTBD6
15,34549916,A,7,7,SLC12A6
15,49036443,A,8,7,CEP152
15,50193368,A,7,7,ATP8B4
15,52161562,A,8,7,TMOD3
15,55611484,C,6,7,PIGB
15,55759242,A,9,7,DNAAF4
15,85634360,A,7,7,PDE8A
15,90809018,C,6,7,NA
16,11141159,A,7,7,CLEC16A
16,15131931,A,8,7,PDXDC1
16,28883208,C,7,7,SH2B1
16,46729525,A,7,7,ORC6
16,5061152,C,7,7,SEC14L5
16,53263000,A,7,7,CHD9
16,53348351,A,7,7,CHD9
17,16285785,C,7,7,UBB
17,17046886,C,7,7,MPRIP
17,29196630,A,7,7,ATAD5
17,29632035,A,7,7,NF1
17,44653639,A,8,7,ARL17A
17,59999160,A,8,7,INTS2
17,70119781,C,6,7,SOX9
17,7606715,C,7,7,WRAP53
17,7832617,C,6,7,KCNAB3
17,7979987,C,7,7,ALOX12B
17,8167585,C,7,7,PFAS
18,54358513,C,7,7,WDR7
18,74778307,A,7,7,MBP
18,77894261,C,7,7,ADNP2
19,12502590,A,7,7,NA
19,21992323,A,8,7,ZNF43
19,42133320,C,7,7,CEACAM4
19,42383610,C,6,7,CD79A
19,42776955,C,7,7,CIC
19,45556129,C,7,7,CLASRP
19,56249722,A,8,7,NLRP9
19,8193949,C,7,7,FBN3
19,8651552,C,6,7,ADAMTS10
19,9064310,C,7,7,NA
2,103324746,C,7,7,SLC9A2
2,128096511,A,7,7,MAP3K2
2,152293790,A,7,7,RIF1
2,159077217,A,7,7,CCDC148
2,170460581,A,7,7,PPIG
2,179196281,A,7,7,OSBPL6
2,217559379,C,7,7,IGFBP5
2,230661315,A,7,7,TRIP12
2,24098756,A,7,7,ATAD2B
2,74781910,A,7,7,LOXL3
2,96521245,A,7,7,ANKRD36C
2,99977650,A,8,7,EIF5B
20,23065887,C,7,7,CD93
20,29960672,A,8,7,DEFB118
20,30640230,C,7,7,HCK
20,35414897,C,7,7,MTCL2
20,44523668,C,7,7,CTSA
20,55953093,A,8,7,RAE1
20,56735727,C,7,7,CIMIP1
21,33074655,A,7,7,SCAF4
21,38555143,A,8,7,TTC3
21,40795389,A,7,7,GET1
21,42540489,C,7,7,BACE2
21,44581216,C,7,7,NA
21,45656840,C,6,7,ICOSLG
22,26932299,C,7,7,TPST2
22,38051314,C,7,7,SH3BP1
22,42610948,C,7,7,TCF20
22,50277679,A,7,7,ZBED4
3,108229398,A,7,7,MYH15
3,1414122,A,7,7,CNTN6
3,150877786,C,7,7,MED12L
3,151046142,A,7,7,MED12L
3,182987674,A,7,7,MCF2L2
3,38039625,C,7,7,VILL
3,44283666,C,6,7,TOPAZ1
3,48501288,C,6,7,ATRIP
3,62358192,C,7,7,FEZF2
4,100571166,C,7,7,C4orf54
4,118005517,A,7,7,TRAM1L1
4,128564917,A,8,7,INTU
4,15689832,A,8,7,FAM200B
4,187542110,C,6,7,FAT1
4,47559698,C,7,7,ATP10D
4,48859372,A,7,7,OCIAD1
4,71346701,C,7,7,MUC7
4,76891521,A,7,7,SDAD1
5,102309949,A,7,7,PAM
5,108290522,A,7,7,FER
5,131676327,A,7,7,SLC22A4
5,13701426,A,7,7,DNAH5
5,139905676,A,7,7,ANKHD1
5,147806940,A,8,7,FBXO38
5,180374580,A,6,7,BTNL8
5,35874637,A,7,7,IL7R
5,38923329,A,7,7,OSMR
5,56219767,A,7,7,SETD9
5,64020298,A,7,7,SREK1IP1
5,72199545,A,7,7,TNPO1
5,98236745,A,7,7,CHD1
6,107391602,C,7,7,BEND3
6,109850222,A,7,7,AK9
6,146264759,A,7,7,SHPRH
6,29627217,C,7,7,MOG
6,29641359,A,7,7,ZFP57
6,30040952,A,7,7,RNF39
6,56917909,A,8,7,KIAA1586
6,64394097,A,7,7,PHF3
7,110764637,A,7,7,IMMP2L
7,128852004,C,6,7,SMO
7,13975473,C,7,7,ETV1
7,139790972,A,7,7,KDM7A
7,139833448,A,7,7,KDM7A
7,150164232,A,7,7,GIMAP8
7,4841484,C,7,7,RADIL
7,5963564,A,7,7,CCZ1
7,89856465,A,8,7,STEAP2
7,99769525,C,7,7,GPC2
8,101300216,A,7,7,RNF19A
8,105509429,A,7,7,LRP12
8,142221700,A,8,7,SLC45A4
8,146067178,A,7,7,ZNF7
8,31001132,A,7,7,WRN
8,38067995,A,8,7,BAG4
8,6302639,A,7,7,MCPH1
8,7637601,A,7,7,PRR23D2
8,7718228,A,7,7,SPAG11A
9,133506076,C,6,7,FUBP3
9,135018,A,6,7,ZNG1A
9,135946757,C,8,7,CEL
9,139793212,C,7,7,TRAF2
9,140006327,C,7,7,DPP7
9,35091523,C,7,7,PIGO
9,36112461,A,7,7,RECK
9,39073899,A,7,7,CNTNAP3
9,5361173,A,8,7,PLGRKT
9,69218549,A,6,7,NA
1,103352561,A,7,6,COL11A1
1,108700183,A,8,6,SLC25A24
1,115520224,A,8,6,SYCP1
1,1266836,C,7,6,TAS1R3
1,1564067,C,7,6,MIB2
1,1568658,C,6,6,MMP23B
1,160295427,A,8,6,COPA
1,179620102,A,7,6,TDRD5
1,192779369,A,7,6,RGS2
1,204091508,C,6,6,SOX13
1,216680306,A,7,6,ESRRG
1,22211642,C,7,6,HSPG2
1,226736673,C,6,6,STUM
1,231487256,A,7,6,SPRTN
1,28800273,C,7,6,PHACTR4
1,28856410,C,7,6,RCC1
1,32084832,C,6,6,HCRTR1
1,3418429,C,7,6,MEGF6
1,36636626,C,7,6,MAP7D1
1,40028016,C,7,6,PABPC4
1,45268997,C,6,6,PLK3
1,46751495,C,6,6,LRRC41
1,92642631,A,6,6,NA
1,94032937,A,7,6,BCAR3
10,103826900,C,6,6,HPS6
10,104176197,C,6,6,PSD
10,104176203,C,6,6,PSD
10,115977404,A,7,6,TDRD1
10,27459056,A,6,6,MASTL
10,27687763,A,6,6,NA
11,1093684,C,6,6,NA
11,118773127,C,6,6,BCL9L
11,17352468,A,8,6,NUCB2
11,400077,C,7,6,PKP3
11,5153679,A,7,6,OR52A5
11,66469100,C,6,6,SPTBN2
11,68517872,C,6,6,TESMIN
11,723305,C,7,6,EPS8L2
12,100453147,A,7,6,BLTP3B
12,100613799,A,7,6,ACTR6
12,122685346,C,7,6,LRRC43
12,16047015,A,7,6,STRAP
12,39734129,A,7,6,KIF21A
12,52345607,C,6,6,ACVR1B
13,21205180,A,7,6,IFT88
13,50065970,A,8,6,SETDB2
14,101347507,C,6,6,RTL1
14,57271049,C,6,6,OTX2
14,64989787,A,7,6,ZBTB1
14,96761299,A,6,6,ATG2B
15,65681240,C,7,6,IGDCC4
16,85010039,C,6,6,ZDHHC7
16,87723701,C,6,6,JPH3
16,88495420,C,6,6,ZNF469
16,88694459,C,6,6,ZC3H18
16,89777305,C,6,6,VPS9D1
17,3819462,C,6,6,P2RX1
17,40134398,A,6,6,DNAJC7
17,61497894,C,6,6,TANC2
17,65944266,A,7,6,BPTF
17,73484878,C,7,6,TMEM94
17,7751137,C,7,6,KDM6B
17,79671379,C,7,6,MRPL12
17,80206876,C,6,6,SLC16A3
18,13681751,A,7,6,FAM210A
18,40323632,A,7,6,RIT2
18,72020514,A,7,6,C18orf63
19,10202224,C,6,6,SHFL
19,17836781,C,6,6,MAP1S
19,5667115,C,7,6,SAFB
19,57646387,A,7,6,ZIM3
19,9049103,A,7,6,NA
2,113060881,A,7,6,ZC3H6
2,164468132,A,7,6,FIGN
2,175201436,C,6,6,SP9
2,178077589,C,6,6,HNRNPA3
2,182542972,C,7,6,CERKL
2,202358554,A,8,6,C2CD6
2,203831759,A,7,6,WDR12
2,21365030,A,8,6,TDRD15
2,219883883,C,7,6,CFAP65
2,238275519,C,6,6,COL6A3
2,84771599,A,7,6,DNAH6
2,99977965,A,8,6,EIF5B
20,13260475,C,7,6,ISM1
20,3526487,A,7,6,ATRN
3,127396605,C,6,6,ABTB1
3,133379900,A,7,6,TOPBP1
3,141326548,A,6,6,RASA2
3,142775212,A,6,6,U2SURP
3,155481558,A,7,6,C3orf33
3,167189546,A,7,6,SERPINI2
3,169802469,A,7,6,GPR160
3,172096210,C,7,6,FNDC3B
3,52546401,C,6,6,STAB1
3,54596940,A,6,6,CACNA2D3
3,93761986,A,7,6,ARL13B
4,128608872,A,7,6,INTU
4,146041093,A,7,6,ABCE1
4,174450194,C,7,6,HAND2
4,25353254,A,7,6,ZCCHC4
4,4285458,A,6,6,LYAR
4,56765965,A,8,6,EXOC1
4,68810346,A,7,6,TMPRSS11A
4,71844995,A,8,6,MOB1B
5,112769462,C,7,6,MCC
5,43161406,A,7,6,ZNF131
5,68737375,A,8,6,MARVELD2
5,74484349,A,7,6,ANKRD31
6,116560165,A,7,6,NT5DC1
6,127804080,A,7,6,NA
6,146351094,C,6,6,GRM1
6,4052975,A,7,6,PRPF4B
6,42074306,C,7,6,C6orf132
6,75899298,A,8,6,COL12A1
6,80720539,A,7,6,TTK
6,84772665,A,6,6,MRAP2
7,103805692,A,7,6,ORC5
7,141619203,A,8,6,MGAM
7,142983891,A,6,6,TMEM139
7,151791468,A,7,6,GALNT11
7,151845524,A,6,6,KMT2C
7,44684936,A,8,6,OGDH
7,89933287,A,7,6,CFAP69
7,91870426,A,8,6,KRIT1
7,94185017,A,7,6,CASD1
8,145727027,C,6,6,PPP1R16A
8,37691605,C,7,6,ADGRA2
8,56863054,A,7,6,LYN
8,70514026,A,7,6,SULF1
8,92406218,A,8,6,SLC26A7
8,92998419,A,7,6,RUNX1T1
8,99168468,A,7,6,POP1
9,103062935,A,6,6,INVS
9,114695180,A,7,6,UGCG
9,125839008,A,7,6,RABGAP1
9,133932467,C,6,6,LAMC3
9,135277373,A,8,6,TTF1
9,135946823,C,8,6,CEL
9,139370379,A,7,6,SEC16A
9,19063047,A,7,6,HAUS6
9,20413952,A,7,6,MLLT3
9,33464082,C,6,6,NOL6
9,33548142,A,7,6,ANKRD18B
9,95285119,A,7,6,CENPP
9,98209617,C,7,6,PTCH1
1,11893605,A,7,5,CLCN6
1,145367737,A,7,5,NA
1,145527998,C,7,5,ITGA10
1,153916829,C,7,5,DENND4B
1,15656049,A,7,5,FHAD1
1,16474977,C,6,5,EPHA2
1,179337955,A,8,5,AXDND1
1,212548597,A,7,5,PACC1
1,21306905,C,7,5,EIF4G3
1,27097622,A,6,5,ARID1A
1,27106804,C,6,5,ARID1A
1,28599271,C,6,5,SESN2
1,38185238,C,6,5,EPHA10
1,86826142,A,8,5,ODF2L
10,104175781,C,7,5,PSD
10,115481532,A,6,5,CASP7
10,134503931,A,6,5,INPP5A
10,135093332,C,6,5,TUBGCP2
10,68535271,A,7,5,CTNNA3
10,70775815,A,8,5,KIFBP
10,78771791,A,7,5,KCNMA1
11,107299560,A,7,5,CWF19L2
11,108114817,A,7,5,ATM
11,27362973,A,8,5,CCDC34
11,4967722,A,6,5,MMP26
11,65367034,C,6,5,MAP3K11
11,73825472,A,7,5,C2CD3
11,7689748,A,7,5,CYB5R2
11,85437269,A,7,5,SYTL2
12,21712605,A,7,5,GYS2
12,27069026,A,7,5,INTS13
12,2968088,C,7,5,ITFG2
12,8281937,A,8,5,CLEC4A
12,86374168,A,7,5,MGAT4C
12,97041768,A,7,5,CFAP54
13,60385030,A,7,5,DIAPH3
14,104642401,C,7,5,KIF26A
14,21556192,C,7,5,ARHGEF40
14,24619975,C,6,5,RNF31
14,51237236,A,6,5,NIN
14,62014535,A,7,5,PRKCH
14,63174303,C,7,5,KCNH5
14,94046589,C,7,5,UNC79
15,63829242,A,7,5,USP3
15,90168411,C,6,5,TICRR
15,91347484,A,6,5,BLM
16,50825519,A,7,5,CYLD
16,57060196,C,6,5,NLRC5
16,66885451,A,7,5,NAE1
16,85010045,C,6,5,ZDHHC7
17,12642606,C,7,5,MYOCD
17,19641649,C,6,5,ALDH3A1
17,39742887,C,6,5,KRT14
17,73501069,C,6,5,CASKIN2
17,7794001,A,7,5,CHD3
18,14848777,A,6,5,ANKRD30B
18,45566519,C,7,5,ZBTB7C
18,9257836,A,7,5,ANKRD12
19,13008601,C,7,5,GCDH
19,14758113,A,7,5,ADGRE3
19,22575732,A,8,5,ZNF98
19,23406702,A,7,5,ZNF724
19,4180893,C,6,5,SIRT6
19,53518125,A,7,5,ERVV-1
19,58049657,A,7,5,ZNF549
19,7083662,A,7,5,ZNF557
19,929631,C,6,5,ARID3A
2,102452432,A,7,5,MAP4K4
2,109087914,A,7,5,GCC2
2,164467489,C,6,5,FIGN
2,176995417,C,7,5,HOXD8
2,192818525,A,7,5,TMEFF2
2,211018375,A,6,5,KANSL1L
2,220197269,C,6,5,RESP18
2,234526711,A,7,5,UGT1A1
2,242179467,C,6,5,HDLBP
2,48030692,A,7,5,MSH6
2,58373509,A,8,5,VRK2
2,70392682,A,7,5,C2orf42
2,74128518,C,6,5,ACTG2
2,74452025,A,7,5,NA
2,74757473,C,7,5,HTRA2
20,23667826,C,7,5,CST4
20,3765819,C,7,5,CENPB
20,40739003,C,6,5,PTPRT
22,28196403,C,6,5,MN1
22,51063611,C,6,5,ARSA
3,105250904,A,6,5,ALCAM
3,112299856,A,7,5,SLC35A5
3,119582342,A,6,5,GSK3B
3,122345823,A,7,5,PARP15
3,180702431,A,6,5,DNAJC19
3,3189779,A,7,5,TRNT1
3,46307343,A,8,5,CCR3
3,47161907,A,7,5,SETD2
3,7456819,A,7,5,GRM7
4,103189225,A,7,5,SLC39A8
4,114274959,A,6,5,ANK2
4,146041224,A,7,5,ABCE1
4,27019447,C,6,5,STIM2
4,74313372,A,7,5,AFP
4,75314781,C,7,5,AREG
5,111066620,A,7,5,NREP
5,122713213,A,7,5,CEP120
5,176966140,C,7,5,FAM193B
5,24492973,A,8,5,CDH10
5,6372636,C,6,5,MED10
5,71492292,A,6,5,MAP1B
6,109906343,A,9,5,AK9
6,126176317,A,8,5,NCOA7
6,135518338,A,7,5,MYB
6,142718831,A,6,5,ADGRG6
6,144782471,A,7,5,UTRN
6,146965911,A,7,5,ADGB
6,148865778,C,6,5,SASH1
6,151671330,A,7,5,AKAP12
6,43251480,C,6,5,TTBK1
6,47576961,A,8,5,CD2AP
6,55039411,C,7,5,HCRTR2
7,105655642,C,7,5,CDHR3
7,107664505,A,8,5,LAMB4
7,143271073,C,6,5,CTAGE15
7,143452584,C,6,5,CTAGE6
7,88956724,A,6,5,ZNF804B
8,36642085,A,6,5,KCNU1
8,442651,A,6,5,TDRP
8,55541377,A,7,5,RP1
8,70744246,C,6,5,SLCO5A1
9,104239080,C,6,5,PGAP4
9,106862450,A,7,5,SMC2
9,131771467,C,7,5,SH3GLB2
9,135554691,A,7,5,GTF3C4
9,21007046,A,8,5,HACD4
9,71855036,A,7,5,TJP2
1,16378297,C,6,4,CLCNKB
1,19467923,C,7,4,UBR4
1,207696973,C,6,4,CR1
1,33330280,C,6,4,FNDC5
10,46280130,A,7,4,WASHC2C
10,47941135,A,7,4,NA
11,4976335,A,6,4,MMP26
11,6590002,C,6,4,DNHD1
15,89010565,C,6,4,MRPL46
18,24497274,A,7,4,CHST9
19,55512184,A,7,4,NLRP2
2,153529111,A,7,4,PRPF40A
2,231931680,A,8,4,PSMD1
2,75874011,C,6,4,MRPL19
22,40708591,C,6,4,TNRC6B
3,118917947,C,6,4,UPK1B
3,93761893,A,6,4,ARL13B
6,31852462,C,6,4,EHMT2
6,33169558,A,6,4,SLC39A7
7,143964176,C,6,4,ARHGEF35
7,57528542,A,7,4,ZNF716
8,145065718,C,7,4,PARP10
8,25182889,A,7,4,DOCK5
9,100222738,A,6,4,TDRD7
10,47913696,A,7,3,NA
12,52867127,C,6,3,KRT6C
12,52886578,C,6,3,KRT6A
2,111292999,A,6,3,RGPD6
2,234545526,A,7,3,UGT1A1
2,33813525,A,7,3,FAM98A
4,75484540,C,7,3,NA
7,143882759,C,6,3,NA
8,145109481,C,6,3,OPLAH
9,108382270,A,7,3,FKTN
1,87026013,A,7,2,CLCA4
10,51857555,A,7,2,WASHC2A
19,53553334,C,7,2,ERVV-2
2,113147558,A,6,2,RGPD8
8,92378867,A,7,2,SLC26A7
9,40704152,A,6,2,NA
9,42700968,A,6,2,ZNG1F
9,70445992,A,6,2,ZNG1E
1,16356552,C,6,1,CLCNKA
11,110582936,C,6,1,ARHGAP20
12,132249061,A,7,1,SFSWAP
15,93540530,C,6,1,CHD2
19,53553286,A,7,1,ERVV-2
3,37050349,A,6,1,MLH1
5,178459262,A,6,1,ZNF879
9,39359571,A,6,1,SPATA31A1
9,39888822,A,6,1,NA
9,41504537,A,6,1,NA
